Company (Maker-if known),Specific Bean Origin or Bar Name,REF,Review Date,Cocoa Percent,Company Location,Rating,Bean Type,Broad Bean Origin
A. Morin,Carenero,1315,2014,70%,France,2.75,Criollo,Venezuela
A. Morin,Sur del Lago,1315,2014,70%,France,3.5,Criollo,Venezuela
A. Morin,Puerto Cabello,1319,2014,70%,France,3.75,Criollo,Venezuela
A. Morin,Madagascar,1011,2013,70%,France,3.0,Criollo,Madagascar
A. Morin,Chuao,1015,2013,70%,France,4.0,Trinitario,Venezuela
Acalli,"Tumbes, Norandino",1470,2015,70%,U.S.A.,3.75,Criollo,Peru
Adi,Vanua Levu,705,2011,60%,Fiji,2.75,Trinitario,Fiji
Adi,"Vanua Levu, Toto-A",705,2011,80%,Fiji,3.25,Trinitario,Fiji
Adi,Vanua Levu,705,2011,88%,Fiji,3.5,Trinitario,Fiji
Adi,"Vanua Levu, Ami-Ami-CA",705,2011,72%,Fiji,3.5,Trinitario,Fiji
Aequare (Gianduja),"Los Rios, Quevedo, Arriba",370,2009,55%,Ecuador,2.75,Forastero (Arriba),Ecuador
Aequare (Gianduja),"Los Rios, Quevedo, Arriba",370,2009,70%,Ecuador,3.0,Forastero (Arriba),Ecuador
Ah Cacao,Tabasco,316,2009,70%,Mexico,3.0,Criollo,Mexico
Akesson's (Pralus),"Bali (west), Sukrama Family, Melaya area",636,2011,75%,Switzerland,3.75,Trinitario,Indonesia
Akesson's (Pralus),"Madagascar, Ambolikapiky P.",502,2010,75%,Switzerland,2.75,Criollo,Madagascar
Akesson's (Pralus),"Monte Alegre, D. Badero",508,2010,75%,Switzerland,2.75,Forastero,Brazil
Alain Ducasse,Trinite,1215,2014,65%,France,2.75,Trinitario,Trinidad
Alain Ducasse,Vietnam,1215,2014,75%,France,2.75,Trinitario,Vietnam
Alain Ducasse,Madagascar,1215,2014,75%,France,3.0,Trinitario,Madagascar
Alain Ducasse,Chuao,1061,2013,75%,France,2.5,Trinitario,Venezuela
Alexandre,"Winak Coop, Napo",1944,2017,70%,Netherlands,3.5,Forastero (Nacional),Ecuador
Alexandre,"La Dalia, Matagalpa",1944,2017,70%,Netherlands,3.5,"Criollo, Trinitario",Nicaragua
Alexandre,Tien Giang,1944,2017,70%,Netherlands,3.5,Trinitario,Vietnam
Alexandre,"Makwale Village, Kyela",1944,2017,70%,Netherlands,3.5,Forastero,Tanzania
Altus aka Cao Artisan,Conacado,1125,2013,60%,U.S.A.,3.0,Trinitario,Dominican Republic
Amano,Chuao,544,2010,70%,U.S.A.,3.0,Trinitario,Venezuela
Amano,Madagascar,129,2007,70%,U.S.A.,3.5,Trinitario,Madagascar
Amano,Ocumare,175,2007,70%,U.S.A.,3.75,Criollo,Venezuela
Amatller (Simon Coll),Ghana,322,2009,70%,Spain,3.0,Forastero,Ghana
Amatller (Simon Coll),Ghana,464,2009,85%,Spain,3.0,Forastero,Ghana
Amazona,"Bellavista Gran Pajeten, San Martin",1145,2013,73%,Peru,3.5,Trinitario,Peru
Ambrosia,Belize,1494,2015,64%,Canada,3.0,Trinitario,Belize
Ambrosia,Madagascar,1494,2015,66%,Canada,3.25,Trinitario,Madagascar
Amedei,Porcelana,111,2007,70%,Italy,4.0,Criollo (Porcelana),Venezuela
Amedei,Chuao,111,2007,70%,Italy,5.0,Trinitario,Venezuela
Amedei,Ecuador,123,2007,70%,Italy,3.0,Trinitario,Ecuador
Amedei,Jamaica,123,2007,70%,Italy,3.0,Trinitario,Jamaica
Amedei,Grenada,123,2007,70%,Italy,3.5,Trinitario,Grenada
Amedei,Venezuela,123,2007,70%,Italy,3.75,Trinitario (85% Criollo),Venezuela
Amedei,Madagascar,123,2007,70%,Italy,4.0,Trinitario (85% Criollo),Madagascar
Amedei,Trinidad,129,2007,70%,Italy,3.5,Trinitario,Trinidad
AMMA,Catongo,1065,2013,75%,Brazil,3.25,Forastero (Catongo),Brazil
AMMA,"Monte Alegre, 3 diff. plantations",572,2010,85%,Brazil,2.75,Forastero (Parazinho),Brazil
AMMA,"Monte Alegre, 3 diff. plantations",572,2010,50%,Brazil,3.75,Forastero (Parazinho),Brazil
AMMA,"Monte Alegre, 3 diff. plantations",572,2010,75%,Brazil,3.75,Forastero (Parazinho),Brazil
AMMA,"Monte Alegre, 3 diff. plantations",572,2010,60%,Brazil,4.0,Forastero (Parazinho),Brazil
Ara,Madagascar,1375,2014,75%,France,3.0,Trinitario,Madagascar
Arete,San Juan,1724,2016,70%,U.S.A.,3.5,Trinitario,Trinidad
Arete,Tien Giang,1900,2016,73%,U.S.A.,3.5,Trinitario,Vietnam
Arete,Phantom,1924,2016,70%,U.S.A.,4.0,Forastero (Nacional),Peru
Arete,Nacional,1534,2015,68%,U.S.A.,3.5,Forastero (Nacional),Peru
Arete,"Puerto Quito, heirloom",1534,2015,70%,U.S.A.,3.75,Forastero (Nacional),Ecuador
Arete,Maya Mountain,1598,2015,70%,U.S.A.,3.75,Trinitario,Belize
Arete,Chuno,1598,2015,70%,U.S.A.,4.0,"Criollo, Trinitario",Nicaragua
Artisan du Chocolat,"Trinidad, Heritage, Limited ed.",1193,2013,72%,U.K.,3.25,Trinitario,Trinidad
Artisan du Chocolat,Jamaica,531,2010,72%,U.K.,3.75,Trinitario,Jamaica
Artisan du Chocolat,Ba Ria Vung Tau Province,600,2010,72%,U.K.,3.25,Trinitario,Vietnam
Artisan du Chocolat,"Ocumare, Venezuela",355,2009,75%,U.K.,2.5,"Criollo, Trinitario",Venezuela
Artisan du Chocolat,Java,355,2009,72%,U.K.,2.75,Trinitario,Indonesia
Artisan du Chocolat,Madagascar,363,2009,80%,U.K.,3.0,"Criollo, Trinitario",Madagascar
Artisan du Chocolat,Peru,363,2009,75%,U.K.,3.0,Criollo,Peru
Artisan du Chocolat,Dominican Republic,363,2009,72%,U.K.,3.25,Trinitario,Dominican Republic
Artisan du Chocolat,Congo,300,2008,72%,U.K.,3.75,Forastero,Congo
Artisan du Chocolat (Casa Luker),"Orinoqua Region, Arauca",1181,2013,72%,U.K.,2.75,Trinitario,Colombia
Askinosie,Mababa,1780,2016,68%,U.S.A.,3.75,Trinitario,Tanzania
Askinosie,"Tenende, Uwate",647,2011,72%,U.S.A.,3.75,Trinitario,Tanzania
Askinosie,Cortes,661,2011,70%,U.S.A.,3.75,Trinitario,Honduras
Askinosie,Davao,331,2009,77%,U.S.A.,3.75,Trinitario,Philippines
Askinosie,Xoconusco,141,2007,75%,U.S.A.,2.5,Trinitario,Mexico
Askinosie,San Jose del Tambo,175,2007,70%,U.S.A.,3.0,Forastero (Arriba),Ecuador
Bahen & Co.,Sambirano,995,2012,70%,Australia,3.0,Trinitario,Madagascar
Bar Au Chocolat,Maranon Canyon,1295,2014,70%,U.S.A.,4.0,Forastero (Nacional),Peru
Bar Au Chocolat,Sambirano,983,2012,70%,U.S.A.,3.75,Trinitario,Madagascar
Bellflower,"Kakao Kamili, Kilombero Valley",1800,2016,70%,U.S.A.,3.5,"Criollo, Trinitario",Tanzania
Belyzium,"Belize south, low fermentation",1768,2016,83%,Germany,2.75,Trinitario,Belize
Belyzium,Belize south,1768,2016,78%,Germany,3.0,Trinitario,Belize
Belyzium,Belize south,1768,2016,83%,Germany,3.5,Trinitario,Belize
Benoit Nihant,Baracoa,1141,2013,74%,Belgium,3.5,Trinitario,Cuba
Benoit Nihant,Chuao,1141,2013,74%,Belgium,3.5,Criollo,Venezuela
Benoit Nihant,Cuyagua Village,1141,2013,74%,Belgium,3.5,Criollo,Venezuela
Benoit Nihant,Rio Peripa H.,1141,2013,73%,Belgium,4.0,Trinitario,Ecuador
Benoit Nihant,"Bali, Sukrama Bros. Farm, Melaya, 62hr C",757,2011,72%,Belgium,4.0,Trinitario,Indonesia
Benoit Nihant,"Somia Plantation, Sambirano, 70hr C",773,2011,72%,Belgium,3.75,Trinitario,Madagascar
Beschle (Felchlin),Madagascar,636,2011,64%,Switzerland,3.0,Trinitario,Madagascar
Beschle (Felchlin),Maracaibo,636,2011,88%,Switzerland,3.0,Criollo,Venezuela
Beschle (Felchlin),"Carenero S., Barlovento, Grand Cru",508,2010,70%,Switzerland,3.25,Trinitario,Venezuela
Beschle (Felchlin),"Porcelana, Premier Cru, Quizas No. 1",508,2010,74%,Switzerland,3.25,Criollo (Porcelana),Venezuela
Bisou,Belize,1486,2015,86%,U.S.A.,3.25,Trinitario,Belize
Bittersweet Origins,Ghana,963,2012,72%,U.S.A.,3.5,Forastero,Ghana
Bittersweet Origins,2009 Hapa Nibby,502,2010,70%,U.S.A.,3.75,Blend,"Dominican Rep., Bali"
Bittersweet Origins,"Sambirano, 2009",565,2010,70%,U.S.A.,3.0,Trinitario,Madagascar
Bittersweet Origins,"Ocumare, prototype",565,2010,78%,U.S.A.,3.0,Criollo,Venezuela
Bittersweet Origins,Sambirano,423,2009,75%,U.S.A.,3.25,Trinitario,Madagascar
Bittersweet Origins,Sambirano,431,2009,65%,U.S.A.,3.5,Trinitario,Madagascar
Bittersweet Origins,Sambirano,233,2008,71%,U.S.A.,3.0,Trinitario,Madagascar
Bittersweet Origins,Ankasa,256,2008,70%,U.S.A.,3.0,Forastero,Ghana
Black Mountain,Carenero Superior,256,2008,70%,U.S.A.,2.75,Trinitario,Venezuela
Black River (A. Morin),Blue Mountain Region,1331,2014,70%,U.K.,2.75,Trinitario,Jamaica
Blanxart,"Congo, Grand Cru",1046,2013,82%,Spain,3.5,Forastero,Congo
Blue Bandana,"Akesson's E., Sambirano V.",1740,2016,82%,U.S.A.,3.5,Trinitario,Madagascar
Blue Bandana,Madagascar,911,2012,70%,U.S.A.,3.75,Trinitario,Madagascar
Bonnat,Cuba,629,2011,75%,France,3.5,Trinitario,Cuba
Bonnat,Piura Blanco,629,2011,75%,France,3.5,Forastero (Nacional),Peru
Bonnat,"Madagascar, 100% criollo",629,2011,75%,France,4.0,Criollo,Madagascar
Bonnat,Jamaique,761,2011,75%,France,3.25,Trinitario,Jamaica
Bonnat,"Porcelana, Apotequil",336,2009,75%,France,2.75,Criollo,Peru
Bonnat,"Porcelana, Tabasco, Marfil de Blanco",336,2009,75%,France,3.0,Criollo,Mexico
Bonnat,"Xoconusco, cacao Real",395,2009,75%,France,3.0,Criollo,Mexico
Bonnat,"Porcelana, Venezuela",199,2008,75%,France,4.0,Criollo (Porcelana),Venezuela
Bonnat,Equateur,123,2007,75%,France,2.5,Forastero (Arriba),Ecuador
Bonnat,Trinite,24,2006,75%,France,3.75,Trinitario,Carribean
Bonnat,"Maracaibo, El Rosario",48,2006,75%,France,4.0,Criollo,Venezuela
Bonnat,Madagascar,75,2006,75%,France,4.0,Trinitario,Madagascar
Bonnat,Chuao,81,2006,75%,France,4.0,Trinitario,Venezuela
Bouga Cacao (Tulicorp),"El Oro, Hacienda de Oro",316,2009,77%,Ecuador,3.25,Forastero (Arriba),Ecuador
Bouga Cacao (Tulicorp),"El Oro, Hacienda de Oro",341,2009,100%,Ecuador,1.5,Forastero (Arriba),Ecuador
Bowler Man,Maya Mountain,1267,2014,70%,U.S.A.,2.75,Trinitario,Belize
Brasstown aka It's Chocolate,"Guasare, Zulia Prov.",1868,2016,70%,U.S.A.,3.5,Criollo,Venezuela
Brasstown aka It's Chocolate,Maya Mountain,1255,2014,70%,U.S.A.,3.75,Trinitario,Belize
Brasstown aka It's Chocolate,Chuao,1355,2014,70%,U.S.A.,4.0,Trinitario,Venezuela
Brasstown aka It's Chocolate,Cooproagro,1125,2013,72%,U.S.A.,3.0,Trinitario,Dominican Republic
Brasstown aka It's Chocolate,Ghana,1129,2013,75%,U.S.A.,3.5,Forastero,Ghana
Brasstown aka It's Chocolate,"Chuao, Mantuano blend",1129,2013,85%,U.S.A.,3.5,Trinitario,Venezuela
Brazen,Maya Mountain,1518,2015,80%,U.S.A.,3.25,Trinitario,Belize
Breeze Mill,Jamaica,1149,2013,70%,U.S.A.,3.0,Trinitario,Jamaica
Bright,Somia Plantation,1231,2014,72%,Australia,3.0,Trinitario,Madagascar
Bright,Gran Couva,1235,2014,68%,Australia,2.75,Trinitario,Trinidad
Burnt Fork Bend,Trinidad,1299,2014,72%,U.S.A.,3.25,Trinitario,Trinidad
Burnt Fork Bend,Belize,1303,2014,72%,U.S.A.,3.25,Trinitario,Belize
Cacao Atlanta,Tumbes,1215,2014,75%,U.S.A.,2.5,Criollo,Peru
Cacao Barry,Grand 'Anse,1716,2016,65%,France,3.5,"Trinitario, Criollo",Haiti
Cacao de Origen,Chuao,1688,2015,77%,Venezuela,3.5,Trinitario,Venezuela
Cacao de Origen,Rio Caribe,1692,2015,75%,Venezuela,3.25,Trinitario,Venezuela
Cacao de Origen,"Chuao, Aragua region",1391,2014,75%,Venezuela,3.5,Trinitario,Venezuela
Cacao de Origen,"Chuao, Aragua region",1395,2014,70%,Venezuela,3.75,Trinitario,Venezuela
Cacao Market,"Jutiapa, lot 050916D",1860,2016,70%,U.S.A.,3.5,Trinitario,Honduras
Cacao Prieto,"Criollo, Dominican Republic",991,2012,72%,U.S.A.,3.75,Criollo,Dominican Republic
Cacao Sampaka,"Mahali, Kasai",1908,2016,70%,Spain,3.5,Criollo,Congo
Cacao Sampaka,Madagascar,508,2010,71%,Spain,3.5,Trinitario,Madagascar
Cacao Sampaka,Grenada,537,2010,71%,Spain,3.25,Trinitario,Grenada
Cacao Sampaka,"Porcelana, Tabasco, La Joya",336,2009,70%,Spain,4.0,Criollo,Mexico
Cacao Sampaka,"Xoconusco, Chiapas",346,2009,70%,Spain,4.0,Criollo,Mexico
Cacao Store,Madagascar,1684,2015,70%,Japan,3.0,Trinitario,Madagascar
Cacao Store,Vietnam,1684,2015,70%,Japan,3.5,Trinitario,Vietnam
Cacaoyere (Ecuatoriana),Amazonia,237,2008,63%,Ecuador,3.5,Forastero (Arriba),Ecuador
Cacaoyere (Ecuatoriana),Esmeraldas,237,2008,71%,Ecuador,3.5,Forastero (Arriba),Ecuador
Cacaoyere (Ecuatoriana),Bolivar,245,2008,82%,Ecuador,2.5,Forastero (Arriba),Ecuador
Cacaoyere (Ecuatoriana),Pichincha,259,2008,91%,Ecuador,1.5,Forastero (Arriba),Ecuador
Callebaut,Grenade,296,2008,60%,Belgium,2.75,Trinitario,Grenada
C-Amaro,Sao Tome,749,2011,78%,Italy,2.25,Forastero,Sao Tome
C-Amaro,Trinidad,765,2011,70%,Italy,2.5,Trinitario,Trinidad
Cao,Porcelana,1804,2016,75%,U.S.A.,2.5,Criollo,Venezuela
Cao,"Porcelana, Batch 5163",1804,2016,70%,U.S.A.,3.0,Criollo,Venezuela
Cao,Brazil,1808,2016,70%,U.S.A.,3.25,Trinitario,Brazil
Caoni (Tulicorp),Esmeraldas,237,2008,77%,Ecuador,2.0,Forastero (Arriba),Ecuador
Caoni (Tulicorp),Manabi,237,2008,77%,Ecuador,2.5,Forastero (Arriba),Ecuador
Caoni (Tulicorp),Los Rios,245,2008,77%,Ecuador,2.75,Forastero (Arriba),Ecuador
Caoni (Tulicorp),Manabi,266,2008,55%,Ecuador,3.0,Forastero (Arriba),Ecuador
Caoni (Tulicorp),Los Rios,269,2008,55%,Ecuador,3.25,Forastero (Arriba),Ecuador
Caoni (Tulicorp),Esmeraldas,269,2008,55%,Ecuador,3.5,Forastero (Arriba),Ecuador
Captain Pembleton,"Saidor Estate, Madang P.",1263,2014,70%,New Zealand,3.5,Trinitario,Papua New Guinea
Caribeans,Costa Rica,841,2012,72%,Costa Rica,3.0,Forastero,Costa Rica
Caribeans,Costa Rica,845,2012,80%,Costa Rica,2.75,Forastero,Costa Rica
Carlotta Chocolat,Arauca,1884,2016,65%,Colombia,3.0,Trinitario,Colombia
Carlotta Chocolat,Tumaco,1888,2016,65%,Colombia,3.25,Trinitario,Colombia
Carlotta Chocolat,Cordoba,1888,2016,65%,Colombia,3.25,Trinitario,Colombia
Carlotta Chocolat,Huila,1888,2016,65%,Colombia,3.5,Trinitario,Colombia
Carlotta Chocolat,Cesar,1888,2016,65%,Colombia,3.5,CCN51,Colombia
Castronovo,"Maya Mtn, Batch 454, Heirloom",1724,2016,72%,U.S.A.,4.0,Trinitario,Belize
Castronovo,"the lost city, gracias a dias, batch 362",1570,2015,72%,U.S.A.,3.5,Trinitario,Honduras
Castronovo,"Duarte, Batch 360",1570,2015,70%,U.S.A.,3.75,"Criollo, Trinitario",Domincan Republic
Castronovo,Sierra Nevada,1347,2014,72%,U.S.A.,3.5,"Criollo, Trinitario",Colombia
Castronovo,Arauca,1371,2014,76%,U.S.A.,3.5,"Criollo, Trinitario",Colombia
Castronovo,Elvesia P.,1407,2014,70%,U.S.A.,2.75,Trinitario,Dominican Republic
Castronovo,Bolivia,1101,2013,70%,U.S.A.,3.0,Trinitario,Bolivia
Castronovo,Conacado,1101,2013,73%,U.S.A.,3.5,Trinitario,Dominican Republic
Castronovo,San Martin,1105,2013,70%,U.S.A.,2.5,Criollo,Peru
Castronovo,Nicaragua,1109,2013,72%,U.S.A.,3.25,Trinitario,Nicaragua
Castronovo,Tumbes,1153,2013,70%,U.S.A.,2.75,Criollo,Peru
Chaleur B,Uganda,1426,2014,70%,Canada,2.75,Forastero,Uganda
Chchukululu (Tulicorp),Arriba,486,2010,55%,Ecuador,2.75,Forastero (Arriba),Ecuador
Chchukululu (Tulicorp),Los Rios,252,2008,75%,Ecuador,3.0,Forastero (Arriba),Ecuador
Choco Del Sol,Maya Mountain w/ nibs,1407,2014,75%,Germany,3.0,Trinitario,Belize
Choco Del Sol,Maya Mountain,1407,2014,82%,Germany,3.25,Trinitario,Belize
Choco Dong,"Mekong Delta, early 2014 Harvest",1696,2015,70%,South Korea,2.75,Trinitario,Vietnam
Choco Dong,"Tawau, Oct. 2015 Harvest",1696,2015,70%,South Korea,3.5,Trinitario,Malaysia
Chocolarder,Peru,1482,2015,65%,U.K.,2.5,Criollo,Peru
Chocolarder,Peru + nibs,1482,2015,65%,U.K.,2.75,Criollo,Peru
Chocola'te,Madagascar,647,2011,70%,U.S.A.,3.75,Trinitario,Madagascar
Chocolate Con Amor,Ocumare,1764,2016,80%,U.S.A.,3.0,Criollo (Ocumare),Venezuela
Chocolate Makers,Tres Hombres,1530,2015,75%,Amsterdam,3.25,Trinitario,Dominican Republic
Chocolate Makers,"Congo, Gorilla bar",1530,2015,68%,Amsterdam,3.5,Forastero,Congo
Chocolate Makers,"Peru, Awagum bar",1530,2015,80%,Amsterdam,3.75,Criollo,Peru
"Chocolate Tree, The",Maranon,1582,2015,69%,Scotland,3.75,Forastero (Nacional),Peru
"Chocolate Tree, The",Carenero Superior,1582,2015,80%,Scotland,3.75,Trinitario,Venezuela
"Chocolate Tree, The",Peru,1121,2013,70%,Scotland,3.75,Forastero (Nacional),Peru
"Chocolate Tree, The",Ecuador,919,2012,82%,Scotland,2.5,Forastero (Arriba),Ecuador
"Chocolate Tree, The",Peru,919,2012,68%,Scotland,2.75,Criollo,Peru
"Chocolate Tree, The",Madagascar,919,2012,72%,Scotland,3.25,Criollo,Madagascar
Chocolats Privilege,Xoconusco,1219,2014,70%,Canada,2.5,Criollo,Mexico
ChocoReko,Patanemo,1454,2015,77%,Japan,3.0,Criollo,Venezuela
Chocovic,Xoconusco,478,2010,71%,Spain,3.25,Criollo,Mexico
Chocovic,Sambirano,478,2010,71%,Spain,3.5,Trinitario,Madagascar
Chocovic,Ocumare,209,2008,71%,Spain,3.5,Criollo,Venezuela
Chocovic,"Bolivar, Guaranda",117,2007,71%,Spain,2.5,Forastero (Arriba),Ecuador
Chocovic,Guyave,117,2007,71%,Spain,2.5,Trinitario,Grenada
Chocovivo,Tabasco,1522,2015,65%,U.S.A.,2.5,Trinitario,Mexico
Chocovivo,Tabasco,1522,2015,75%,U.S.A.,2.5,Trinitario,Mexico
Choklat,Ocumare,377,2009,80%,Canada,2.5,Criollo,Venezuela
Choklat,"Porcelana, Tabasco",377,2009,70%,Canada,2.75,Criollo,Mexico
Choklat,Ocumare,377,2009,70%,Canada,3.0,Criollo,Venezuela
Christopher Morel (Felchlin),"Maranon Canyon, Fortunato No. 4",666,2011,68%,Canada,3.75,Forastero (Nacional),Peru
Chuao Chocolatier,Choroni,445,2009,61%,U.S.A.,3.0,Criollo,Venezuela
Chuao Chocolatier (Pralus),Chuao,486,2010,77%,U.S.A.,2.75,Trinitario,Venezuela
Claudio Corallo,Terreiro Velho P.,470,2010,73.50%,Sao Tome,3.75,Forastero,Sao Tome & Principe
Claudio Corallo,Terreiro Velho P. w/ sugar crystals,209,2008,80%,Sao Tome,3.0,Forastero,Sao Tome & Principe
Claudio Corallo,Terreiro Velho P.,227,2008,75%,Sao Tome,4.0,Forastero,Sao Tome & Principe
Claudio Corallo,Principe,252,2008,100%,Sao Tome,1.0,Forastero,Sao Tome & Principe
Coleman & Davis,Sambirano,1646,2015,75%,U.S.A.,3.0,Trinitario,Madagascar
Compania de Chocolate (Salgado),Carenero Superior,292,2008,80%,Argentina,2.75,Trinitario,Venezuela
Compania de Chocolate (Salgado),Ocumare,292,2008,70%,Argentina,3.75,Criollo,Venezuela
Compania de Chocolate (Salgado),Esmeraldas,296,2008,88%,Argentina,2.75,Forastero (Nacional),Ecuador
Confluence,"Tien Giang, 2015, batch 10-2-16",1916,2016,78%,U.S.A.,2.75,Trinitario,Vietnam
Coppeneur,"Ecuador, Puristique",1169,2013,65%,Germany,3.25,Forastero (Nacional),Ecuador
Coppeneur,Ghana Puristique,813,2012,85%,Germany,3.5,Forastero,Ghana
Coppeneur,Uba Budo,821,2012,72%,Germany,3.75,Forastero,Sao Tome & Principe
Coppeneur,Madagascar,959,2012,70%,Germany,3.5,Trinitario,Madagascar
Coppeneur,Grenada,470,2010,72%,Germany,3.25,Trinitario,Grenada
Coppeneur,Chuao,478,2010,70%,Germany,3.0,Trinitario,Venezuela
Coppeneur,"Los Rios, H. Iara",558,2010,72%,Germany,2.5,Nacional,Ecuador
Coppeneur,Trinidad,558,2010,72%,Germany,3.0,Trinitario,Trinidad
Coppeneur,Jamaica,558,2010,72%,Germany,3.25,Trinitario,Jamaica
Coppeneur,Ocumare 61,558,2010,72%,Germany,3.25,Criollo (Ocumare 61),Venezuela
Coppeneur,"Porcelana, Apotequil",341,2009,72%,Germany,3.0,Criollo,Peru
Coppeneur,"Porcelana, Apotequil",445,2009,62%,Germany,3.25,Criollo,Peru
Coppeneur,Chuao 100hr,451,2009,70%,Germany,3.5,"Criollo, Trinitario",Venezuela
Coppeneur,Chuao 70hr,451,2009,70%,Germany,3.75,"Criollo, Trinitario",Venezuela
Coppeneur,"Porcelana, Tabasco, Mexico",220,2008,72%,Germany,3.0,Criollo,Mexico
Coppeneur,"Porcelana, Venezuela",220,2008,72%,Germany,3.0,Criollo (Porcelana),Venezuela
Coppeneur,"Sambirano, Menava P.",196,2007,72%,Germany,3.0,Trinitario,Madagascar
Cravve,New Ireland,1283,2014,70%,Australia,2.5,Forastero,Papua New Guinea
Cravve,"Vanuatu, batch 2410",1335,2014,83%,Australia,2.75,Trinitario,Vanuatu
Cravve,"Tanzania, batch a1",971,2012,75%,Australia,3.25,Forastero,Tanzania
Cravve,"Bahia, batch a1213",975,2012,65%,Australia,3.25,Trinitario,Brazil
Cravve,"Namau Village, N. Taileva P., batch a2812",975,2012,67%,Australia,3.25,Trinitario,Fiji
Cravve,Vanuatu,975,2012,64%,Australia,3.25,Trinitario,Vanuatu
Cravve,Djual Island,975,2012,75%,Australia,3.5,Forastero,Papua New Guinea
Creo,"""heirloom"", Arriba Nacional",1736,2016,85%,U.S.A.,3.25,Forastero (Nacional),Ecuador
Creo,"""heirloom"", Arriba Nacional",1736,2016,73%,U.S.A.,3.75,Forastero (Nacional),Ecuador
Damson,Robson Estate,1610,2015,70%,U.K.,3.0,Trinitario,Trinidad
Dandelion,"Maya Mtn., Break Bar- Snark",1446,2015,70%,U.S.A.,3.0,Trinitario,Belize
Dandelion,Maya Mountain,1219,2014,70%,U.S.A.,3.5,Trinitario,Belize
Dandelion,Madagascar,654,2011,70%,U.S.A.,3.25,Trinitario,Madagascar
Danta,Chuao,987,2012,75%,Guatemala,3.0,Trinitario,Venezuela
Danta,Sambirano,987,2012,70%,Guatemala,3.75,Trinitario,Madagascar
Danta,Las Acacias E.,987,2012,70%,Guatemala,4.0,Criollo,Guatemala
Danta,Las Acacias E.,423,2009,75%,Guatemala,3.0,Criollo,Guatemala
Danta,Las Acacias E.,423,2009,60%,Guatemala,3.25,Criollo,Guatemala
DAR,Vietnam,1920,2016,72%,U.S.A.,3.0,Trinitario,Vietnam
Dark Forest,Madagascar,1550,2015,70%,U.S.A.,3.0,Trinitario,Madagascar
Davis,Ghana,1093,2013,70%,U.S.A.,2.5,Forastero,Ghana
Davis,West Africa,907,2012,58%,U.S.A.,3.25,Forastero,West Africa
De Villiers,Bundibugyo District,1832,2016,70%,South Africa,2.5,Forastero,Uganda
Dean and Deluca (Belcolade),Madagascar,170,2007,66%,U.S.A.,2.5,Trinitario,Madagascar
Dean and Deluca (Belcolade),Ghana,175,2007,60%,U.S.A.,3.0,Forastero,Ghana
DeVries,Costa Rica,166,2007,77%,U.S.A.,3.5,Trinitario,Costa Rica
Dick Taylor,Tien Giang,1864,2016,78%,U.S.A.,3.5,Trinitario,Vietnam
Dick Taylor,Belize,955,2012,72%,U.S.A.,2.75,Trinitario,Belize
Dick Taylor,Sambirano,661,2011,80%,U.S.A.,2.75,Trinitario,Madagascar
Dick Taylor,Sambirano,661,2011,72%,U.S.A.,3.0,Trinitario,Madagascar
Dick Taylor,Mantuano,682,2011,75%,U.S.A.,2.75,Criollo,Venezuela
Doble & Bignall,"Puerto Cabello, Mantuano",1371,2014,72%,U.K.,3.25,Trinitario,Venezuela
Doble & Bignall,Johe,1407,2014,72%,U.K.,3.5,"Criollo, Trinitario",Nicaragua
Dolfin (Belcolade),Africa,304,2008,88%,Belgium,3.0,Forastero,West Africa
Domori,Ocumare 77,1672,2015,70%,Italy,3.75,Criollo (Ocumare 77),Venezuela
Domori,"IL100, H. San Jose",1109,2013,100%,Italy,3.0,Criollo,Venezuela
Domori,Guasare,863,2012,70%,Italy,3.75,Criollo,Venezuela
Domori,"Canoabo, Hacienda San Jose",693,2011,70%,Italy,3.5,Criollo,Venezuela
Domori,"Chuao, Hacienda San Jose",470,2010,70%,Italy,3.0,Trinitario,Venezuela
Domori,"Carupano, H. San Jose",227,2008,70%,Italy,3.0,Trinitario,Venezuela
Domori,Porcelana,111,2007,70%,Italy,4.0,Criollo (Porcelana),Venezuela
Domori,"Ocumare 61, Puertomar",129,2007,75%,Italy,3.25,Criollo (Ocumare 61),Venezuela
Domori,Granella,135,2007,60%,Italy,3.25,Trinitario,Venezuela
Domori,Madagascar,135,2007,70%,Italy,3.5,Trinitario,Madagascar
Domori,Madagared,192,2007,70%,Italy,3.5,Criollo,Madagascar
Domori,"Java, Javablond",192,2007,70%,Italy,3.75,Criollo,Indonesia
Domori,Ecuador,192,2007,70%,Italy,4.0,Forastero (Arriba),Ecuador
Domori,"Ocumare 67, Puertofino",192,2007,70%,Italy,4.0,Criollo (Ocumare 67),Venezuela
Domori,Sur del Lago Classificado,87,2006,70%,Italy,3.0,Trinitario,Venezuela
Domori,Apurimac,87,2006,70%,Italy,3.25,Trinitario,Peru
Domori,Carenero Superior,87,2006,70%,Italy,3.5,Trinitario,Venezuela
Dormouse,Non Pariel Estate,1880,2016,75%,U.K.,2.75,Trinitario,Grenada
Dormouse,"Rio Caribe, Batch 7",1672,2015,70%,U.K.,2.5,Trinitario,Venezuela
Dormouse,"Colombia, Batch 9",1676,2015,80%,U.K.,2.75,"Criollo, Trinitario",Colombia
Dormouse,"Madagascar, Batch 8",1676,2015,77%,U.K.,2.75,"Criollo, Trinitario",Madagascar
Duffy's,"Rio Dulce, Xoco",1662,2015,70%,U.K.,4.0,Criollo,Guatemala
Duffy's,"Chuno, Xoco",1331,2014,70%,U.K.,3.5,Criollo,Nicaragua
Duffy's,"Rico Rugoso, Xoco",1331,2014,76%,U.K.,3.75,Criollo,Nicaragua
Duffy's,"Indio Rojo, Xoco",623,2011,72%,U.K.,3.75,Criollo,Honduras
Duffy's,"Nicaliso, Xoco",697,2011,71%,U.K.,3.25,Criollo,Nicaragua
Durand,Madagascar,841,2012,82%,France,2.75,Trinitario,Madagascar
Durci,"Maranon, Joya Rara",1626,2015,70%,U.S.A.,3.5,Forastero (Nacional),Peru
Durci,"Rio Caribe, Tepui Treasure",1626,2015,70%,U.S.A.,3.5,Trinitario,Venezuela
Durci,"Carenero, Empyrean Sabor",1630,2015,70%,U.S.A.,3.25,Trinitario,Venezuela
East Van Roasters,Madagascar,1343,2014,70%,Canada,3.5,Trinitario,Madagascar
Eclat (Felchlin),"Maranon, Good & Evil, w/ nibs",919,2012,72%,U.S.A.,2.75,Forastero (Nacional),Peru
Edelmond,Porcelana,1876,2016,68%,Germany,3.0,Criollo,Venezuela
El Rey,"Rio Caribe, Cariaco",439,2009,60.50%,Venezuela,2.75,Trinitario,Venezuela
El Rey,"Rio Caribe, Macuro",439,2009,70%,Venezuela,3.0,Trinitario,Venezuela
El Rey,"Carenero Superior, Apamate",206,2008,74%,Venezuela,2.5,Criollo,Venezuela
El Rey,"Carenero Superior, Bucare",206,2008,58%,Venezuela,2.5,Criollo,Venezuela
El Rey,"Carenero Superior, Mijao",206,2008,61%,Venezuela,3.0,Criollo,Venezuela
El Rey,"Carenero Superior, Gran Saman",32,2006,70%,Venezuela,2.75,Criollo,Venezuela
Emily's,Peru,1454,2015,78%,Japan,3.5,Criollo,Peru
Enric Rovira (Claudio Corallo),Terreiro Velho P.,565,2010,80%,Spain,3.25,Forastero,Sao Tome & Principe
Erithaj (A. Morin),Ben Tre,1205,2014,70%,France,3.25,Trinitario,Vietnam
Erithaj (A. Morin),Ham Luong,1209,2014,80%,France,3.0,Trinitario,Vietnam
Erithaj (A. Morin),Ba Lai,1209,2014,74%,France,3.25,Trinitario,Vietnam
Escazu,Rio Caribe,903,2012,70%,U.S.A.,2.75,Trinitario,Venezuela
Escazu,Carenero Superior,423,2009,81%,U.S.A.,3.5,Criollo,Venezuela
Escazu,Ocumare,252,2008,72%,U.S.A.,3.0,Criollo,Venezuela
Ethel's Artisan (Mars),Trinidad,666,2011,55%,U.S.A.,2.5,Trinitario,Trinidad
Ethel's Artisan (Mars),Porcelana,666,2011,70%,U.S.A.,2.5,Criollo (Porcelana),Venezuela
Ethereal,Belize,1275,2014,80%,U.S.A.,3.0,Trinitario,Belize
Feitoria Cacao,Maya Mountain,1736,2016,76%,Portugal,2.75,Trinitario,Belize
Felchlin,Grenada,494,2010,58%,Switzerland,3.5,Trinitario,Grenada
Felchlin,Elvesia P.,105,2006,74%,Switzerland,3.0,"Trinitario, Criollo",Dominican Republic
Felchlin,"Madagascar, Grand Cru",48,2006,64%,Switzerland,3.0,Criollo,Madagascar
Felchlin,Maracaibo Clasificado,48,2006,65%,Switzerland,3.0,Criollo,Venezuela
Felchlin,Arriba,48,2006,72%,Switzerland,3.5,Forastero (Arriba),Ecuador
Felchlin,"Alto Beni, Cru Savage",56,2006,68%,Switzerland,4.0,Criollo (Wild),Bolivia
Forever Cacao,Rio Eni,1267,2014,72%,U.K.,2.75,Criollo,Peru
Fossa,"Kokoa Kamili Coop, Kilombero",1776,2016,67%,Singapore,3.75,Trinitario,Tanzania
Frederic Blondeel,Vietnam,1542,2015,80%,Belgium,3.0,Trinitario,Vietnam
Frederic Blondeel,Ghana,1351,2014,60%,Belgium,3.5,Forastero,Ghana
Frederic Blondeel,Madagascar,1351,2014,65%,Belgium,3.5,Trinitario,Madagascar
French Broad,Tumbes Coop,883,2012,70%,U.S.A.,2.5,Criollo,Peru
French Broad,"Maranon Canyon, Fortunato No. 4",781,2011,70%,U.S.A.,3.5,Forastero (Nacional),Peru
Fresco,"Maranon, #228, MR, SC",1383,2014,70%,U.S.A.,3.0,Forastero (Nacional),Peru
Fresco,"Maranon, #227, LR, MC",1383,2014,70%,U.S.A.,3.5,Forastero (Nacional),Peru
Fresco,"Maranon, #229, MR, LC",1383,2014,70%,U.S.A.,3.5,Forastero (Nacional),Peru
Fresco,"Maranon, #230, DR, LC",1387,2014,70%,U.S.A.,3.5,Forastero (Nacional),Peru
Fresco,"Bellavista Coop, #225, LR, MC, CG Exclusive",1149,2013,70%,U.S.A.,4.0,Trinitario,Peru
Fresco,"Sambirano Valley, #216, MR, LC",915,2012,74%,U.S.A.,4.0,Trinitario,Madagascar
Fresco,"Markham Valley, #220, MR, MC",927,2012,69%,U.S.A.,4.0,Trinitario,Papua New Guinea
Fresco,"Markham Valley, #222, LR, 0C",931,2012,69%,U.S.A.,3.0,Trinitario,Papua New Guinea
Fresco,"Ghana, #211, MR, MC",636,2011,74%,U.S.A.,2.75,Forastero,Ghana
Fresco,"Jamaica, #209, DR, SC",642,2011,70%,U.S.A.,3.25,Trinitario,Jamaica
Fresco,"Jamaica, #210, DR, MC",642,2011,70%,U.S.A.,3.5,Trinitario,Jamaica
Fresco,"Sambirano Valley, #214, LR, MC",682,2011,74%,U.S.A.,2.75,Trinitario,Madagascar
Fresco,"Sambirano Valley, #215, MR, MC",688,2011,74%,U.S.A.,3.0,Trinitario,Madagascar
Fresco,"Chuao, #218, MR, MC",745,2011,76%,U.S.A.,3.25,Trinitario,Venezuela
Fresco,"Chuao, #217, DR, MC",745,2011,70%,U.S.A.,4.0,Trinitario,Venezuela
Fresco,"Jamaica, #204, DR, SC",370,2009,80%,U.S.A.,2.75,Trinitario,Jamaica
Fresco,"Jamaica, #206, DR, LC",370,2009,70%,U.S.A.,3.0,Trinitario,Jamaica
Fresco,"Jamaica, #205, DR, MC",370,2009,70%,U.S.A.,3.25,Trinitario,Jamaica
Fresco,"Carenero Superior, #203, MR, SC",370,2009,65%,U.S.A.,3.5,Criollo,Venezuela
Friis Holm (Bonnat),"Chuno, triple turned, Xoco",895,2012,70%,Denmark,3.25,"Criollo, Trinitario",Nicaragua
Friis Holm (Bonnat),"Red Mayan, Xoco",899,2012,70%,Denmark,3.25,"Criollo, Trinitario",Honduras
Friis Holm (Bonnat),"Chuno, double turned, Xoco",899,2012,70%,Denmark,3.25,"Criollo, Trinitario",Nicaragua
Friis Holm (Bonnat),"Johe, Xoco",623,2011,70%,Denmark,3.25,"Criollo, Trinitario",Nicaragua
Friis Holm (Bonnat),"Chuno, Xoco",623,2011,70%,Denmark,3.5,"Criollo, Trinitario",Nicaragua
Friis Holm (Bonnat),"Nicaliso, Xoco",623,2011,70%,Denmark,3.5,"Criollo, Trinitario",Nicaragua
Fruition,"Wild Bolivian, Batch 2",1780,2016,74%,U.S.A.,3.75,Beniano,Bolivia
Fruition,"Coto Brus, Heirloom, Batch 1",1780,2016,74%,U.S.A.,4.0,Amazon mix,Costa Rica
Fruition,Gran Couva,1347,2014,70%,U.S.A.,3.75,Trinitario,Trinidad
Fruition,Maranon,1359,2014,76%,U.S.A.,3.0,Forastero (Nacional),Peru
Fruition,Signature Blend,753,2011,66%,U.S.A.,3.25,Trinitario,Costa Rica
Garden Island,"Kaua'I, Alea Estate +world",1367,2014,85%,U.S.A.,2.5,Blend,Hawaii
Georgia Ramon,Akesson P.,1642,2015,65%,Germany,3.25,Trinitario,Madagascar
Georgia Ramon,ABOCFA Coop,1642,2015,70%,Germany,4.0,Forastero,Ghana
Georgia Ramon,Conacado Coop,1646,2015,70%,Germany,3.5,Trinitario,Domincan Republic
Georgia Ramon,Conacado Coop,1646,2015,80%,Germany,3.5,Trinitario,Domincan Republic
Georgia Ramon,Akesson P.,1646,2015,75%,Germany,3.5,Trinitario,Madagascar
Glennmade,Bahia,1672,2015,66%,U.S.A.,3.0,"Trinitario, Forastero",Brazil
Grand Place,"Ben Tre, Dong Nai",741,2011,72%,Vietnam,3.0,Trinitario,Vietnam
Grenada Chocolate Co.,Grenada,494,2010,82%,Grenada,3.25,Trinitario,Grenada
Grenada Chocolate Co.,Grenada,363,2009,60%,Grenada,2.75,Trinitario,Grenada
Grenada Chocolate Co.,Grenada,241,2008,71%,Grenada,2.5,Trinitario,Grenada
Guido Castagna,Arriba,355,2009,64%,Italy,3.0,Forastero (Arriba) ASS,Ecuador
Guido Castagna,Ghana,355,2009,64%,Italy,3.0,Forastero,Ghana
Guittard,Jamaica,1053,2013,65%,U.S.A.,3.25,Trinitario,Jamaica
Guittard,Trinidad,552,2010,65%,U.S.A.,3.0,Trinitario,Trinidad
Guittard,Chucuri,15,2006,65%,U.S.A.,3.0,Trinitario,Colombia
Guittard,Sur del Lago,87,2006,65%,U.S.A.,2.5,"Trinitario, Criollo",Venezuela
Guittard,"Sambirano, Ambanja",87,2006,65%,U.S.A.,3.5,"Criollo, +",Madagascar
Guittard,"Los Rios, Quevedo",93,2006,65%,U.S.A.,3.5,Forastero (Arriba),Ecuador
Hachez,Arriba,166,2007,77%,Germany,2.5,Forastero (Arriba),Ecuador
Hacienda El Castillo,Don Homero- Cerecita Valley,1327,2014,55%,Ecuador,2.75,Trinitario,Ecuador
Hacienda El Castillo,Don Homero- Cerecita Valley,1327,2014,70%,Ecuador,3.0,Trinitario,Ecuador
Heirloom Cacao Preservation (Brasstown),"Maya Mtn, Moho R., Toledo D., 2015",1748,2016,70%,U.S.A.,3.25,Amazon,Belize
Heirloom Cacao Preservation (Fruition),"Cota Brus, Terciopelo, 2015",1748,2016,74%,U.S.A.,3.5,Amazon mix,Costa Rica
Heirloom Cacao Preservation (Guittard),"Alto Beni, Upper Rio Beni, 2014",1239,2014,67%,U.S.A.,3.5,"Amazon, ICS",Bolivia
Heirloom Cacao Preservation (Guittard),"Wild Beni, Lower Rio Beni, Tranquilidad, 2014",1243,2014,67%,U.S.A.,3.0,Beniano,Bolivia
Heirloom Cacao Preservation (Guittard),"Los Rios, Hacienda Limon, Orecao, 2014",1243,2014,67%,U.S.A.,3.75,EET,Ecuador
Heirloom Cacao Preservation (Millcreek),"Los Rios, Hacienda Limon, Orecao, 2015",1744,2016,70%,U.S.A.,3.5,EET,Ecuador
Heirloom Cacao Preservation (Mindo),"Pinchincha, Mindo, Coop Nueva Esper., 2015",1748,2016,77%,U.S.A.,3.5,EET,Ecuador
Heirloom Cacao Preservation (Zokoko),"Alto Beni, Upper Rio Beni, 2015",1744,2016,68%,U.S.A.,3.75,"Amazon, ICS",Bolivia
Heirloom Cacao Preservation (Zokoko),"Wild Beni, Lower Rio Beni, Tranquilidad, 2015",1744,2016,72%,U.S.A.,4.0,Beniano,Bolivia
hello cocoa,Uganda,1458,2015,57%,U.S.A.,2.75,Forastero,Uganda
hello cocoa,Venezuela,1462,2015,74%,U.S.A.,3.5,Criollo,Venezuela
hexx,Madagascar,1546,2015,74%,U.S.A.,3.0,Trinitario,Madagascar
Hogarth,Akesson's Estate,1712,2016,70%,New Zealand,2.75,Trinitario,Madagascar
Hogarth,Carenero Superior,1712,2016,72%,New Zealand,2.75,Trinitario,Venezuela
Hogarth,Conacado,1712,2016,75%,New Zealand,3.25,Trinitario,Domincan Republic
Hogarth,Gran Blanco,1712,2016,66%,New Zealand,3.5,Criollo,Peru
Hoja Verde (Tulicorp),Arriba,414,2009,80%,Ecuador,2.0,Forastero (Arriba) ASS,Ecuador
Hoja Verde (Tulicorp),Manabi,414,2009,80%,Ecuador,2.5,Forastero (Arriba) ASS,Ecuador
Hoja Verde (Tulicorp),Arriba,414,2009,72%,Ecuador,3.0,Forastero (Arriba) ASS,Ecuador
Hoja Verde (Tulicorp),Arriba,414,2009,58%,Ecuador,3.25,Forastero (Arriba) ASS,Ecuador
Hoja Verde (Tulicorp),Manabi,414,2009,58%,Ecuador,3.5,Forastero (Arriba) ASS,Ecuador
Holy Cacao,Sambirano,1466,2015,70%,Israel,3.5,Trinitario,Madagascar
Holy Cacao,Gran Couva,1466,2015,70%,Israel,3.5,Trinitario,Trinidad
Hotel Chocolat,"Marcial, single Cote, 2012",1030,2013,70%,U.K.,4.0,Trinitario,St. Lucia
Hotel Chocolat,"Island Growers, 2012, 120hr c.",1113,2013,100%,U.K.,1.75,Trinitario,St. Lucia
Hotel Chocolat (Coppeneur),Trinidad,1038,2013,75%,U.K.,3.0,Trinitario,Trinidad
Hotel Chocolat (Coppeneur),Mekong Delta & Dong Nai,1038,2013,80%,U.K.,3.5,Trinitario,Vietnam
Hotel Chocolat (Coppeneur),"Los Rios, H. Iara",1065,2013,90%,U.K.,3.0,Forastero (Nacional),Ecuador
Hotel Chocolat (Coppeneur),"Somia Plantation, Akesson, 2012",1065,2013,72%,U.K.,3.0,Trinitario,Madagascar
Hotel Chocolat (Coppeneur),"Los Rios, H. Iara, 2012",1065,2013,82%,U.K.,3.5,Forastero (Nacional),Ecuador
Hotel Chocolat (Coppeneur),"Los Rios, H. Iara, 2012, 120hr c.",1113,2013,100%,U.K.,2.5,Forastero (Nacional),Ecuador
Hotel Chocolat (Coppeneur),Sambirano,809,2012,66%,U.K.,3.5,"Trinitario, Criollo",Madagascar
Hotel Chocolat (Coppeneur),"Los Rios, H. Iara, 96hr c.",623,2011,80%,U.K.,3.0,Forastero (Nacional),Ecuador
Hotel Chocolat (Coppeneur),"Island Growers, 120hr c.",623,2011,65%,U.K.,3.0,Trinitario,St. Lucia
Hotel Chocolat (Coppeneur),"Island Growers, 96hr c.",623,2011,65%,U.K.,3.25,Trinitario,St. Lucia
Hotel Chocolat (Coppeneur),Chuao,600,2010,70%,U.K.,2.75,Trinitario,Venezuela
Hotel Chocolat (Coppeneur),Uganda,296,2008,80%,U.K.,2.5,Forastero,Uganda
Hotel Chocolat (Coppeneur),Uba Budo,300,2008,72%,U.K.,3.0,Forastero,Sao Tome
Hummingbird,Lam Dong,1542,2015,70%,Canada,3.5,Trinitario,Vietnam
Hummingbird,Bolivia,1307,2014,70%,Canada,3.0,"Criollo, Trinitario",Bolivia
Hummingbird,"Bolivia, Bo-nib-ia, w/ nibs",1311,2014,70%,Canada,3.0,"Criollo, Trinitario",Bolivia
Hummingbird,Momotombo,1311,2014,70%,Canada,3.0,Trinitario,Nicaragua
Hummingbird,Hispaniola,1311,2014,70%,Canada,3.75,Trinitario,Dominican Republic
Hummingbird,"Ocumare, Cumboto",1097,2013,70%,Canada,3.25,"Trinitario, Criollo",Venezuela
Hummingbird,Amazonas,1097,2013,70%,Canada,3.75,Forastero,Venezuela
Idilio (Felchlin),"Chuao, Venezuela",1085,2013,72%,Switzerland,3.75,Trinitario,Venezuela
Idilio (Felchlin),Coopertiva Amazona,725,2011,72%,Switzerland,3.75,Criollo,Venezuela
Idilio (Felchlin),"Choroni, Finca Torres, 48hr c.",729,2011,72%,Switzerland,3.25,Criollo,Venezuela
Idilio (Felchlin),"Ocumare, H. Cata, 48hr c.",733,2011,72%,Switzerland,3.75,Criollo,Venezuela
Idilio (Felchlin),"Porcelana, Zulia",733,2011,74%,Switzerland,4.0,Criollo,Venezuela
Idilio (Felchlin),"Ocumare, H. Cata, w/ nibs",737,2011,72%,Switzerland,3.5,Criollo,Venezuela
Idilio (Felchlin),"Carenero Superior, Urrutia, Barlovento",737,2011,70%,Switzerland,4.0,Trinitario,Venezuela
Idilio (Felchlin),Coopertiva Amazona w/ nibs,737,2011,72%,Switzerland,4.0,Criollo,Venezuela
iQ Chocolate,"Satipo region, white label",943,2012,72%,Scotland,2.75,Criollo,Peru
Isidro,Madagascar,1275,2014,72%,U.S.A.,3.5,Trinitario,Madagascar
Isidro,Belize,1279,2014,72%,U.S.A.,3.25,Trinitario,Belize
Izard,"Maya Mountain, Toledo, Batch 29",1542,2015,70%,U.S.A.,3.5,Trinitario,Belize
Jacque Torres,Trinatario Treasure,5,2006,71%,U.S.A.,2.0,Trinitario,Ghana
Jordis,Madagascar,1534,2015,63%,Czech Republic,2.75,Trinitario,Madagascar
Just Good Chocolate,Belize,1375,2014,70%,U.S.A.,3.5,Trinitario,Belize
Just Good Chocolate,Madagascar,1375,2014,70%,U.S.A.,3.5,Trinitario,Madagascar
Kakao,Vanuatu,387,2009,65%,Germany,3.75,Trinitario,Vanuatu
Kiskadee,"La Red, Guanconjeco",1251,2014,60%,U.S.A.,3.0,Trinitario,Dominican Republic
Kto,Belize,1422,2014,72%,U.S.A.,3.0,Trinitario,Belize
Kto,Sambirano Valley,1422,2014,72%,U.S.A.,3.25,Trinitario,Madagascar
Kto,Belize,1426,2014,90%,U.S.A.,3.25,Trinitario,Belize
K'ul,"Maranon, Fortunato No. 4",1852,2016,70%,U.S.A.,2.75,Forastero (Nacional),Peru
K'ul,"Bahia, Fazenda Camboa",1852,2016,70%,U.S.A.,3.75,Forastero,Brazil
Kyya,Uganda,1359,2014,72.50%,U.S.A.,2.5,Forastero,Uganda
Kyya,Madagascar,1363,2014,72.50%,U.S.A.,3.0,Trinitario,Madagascar
L.A. Burdick (Felchlin),Chuao,927,2012,68%,U.S.A.,3.75,Trinitario,Venezuela
L.A. Burdick (Felchlin),Grenada,576,2010,75%,U.S.A.,3.25,Trinitario,Grenada
L.A. Burdick (Felchlin),Madagascar,431,2009,64%,U.S.A.,3.5,Trinitario,Madagascar
La Chocolaterie Nanairo,"Lumas, 2015 Harvest, Batch 6, brown sugar",1892,2016,70%,Japan,2.25,"Trinitario, Criollo",Peru
La Chocolaterie Nanairo,"Lumas, 2015 Harvest, Batch 7",1892,2016,70%,Japan,2.5,"Trinitario, Criollo",Peru
La Chocolaterie Nanairo,"Tumbes, 2013 Harvest, Batch 8",1892,2016,70%,Japan,3.0,Criollo,Peru
La Chocolaterie Nanairo,"Belize, 2014 Harvest, Batch 9",1892,2016,70%,Japan,3.0,"Trinitario, Criollo",Belize
La Maison du Chocolat (Valrhona),Grenada,741,2011,68%,France,3.5,Trinitario,Grenada
La Maison du Chocolat (Valrhona),Akosombo,346,2009,68%,France,3.25,Forastero,Ghana
La Maison du Chocolat (Valrhona),"Porcelana, Pariguan",346,2009,69%,France,3.5,Criollo (Porcelana),Venezuela
La Maison du Chocolat (Valrhona),"Cuana, 2008",230,2008,74%,France,3.5,Blend,"Ven., Indonesia, Ecuad."
Laia aka Chat-Noir,"Madagascar, Batch 59/100",1590,2015,75%,France,2.75,Trinitario,Madagascar
Laia aka Chat-Noir,"Vietnam, Batch 50/100",1590,2015,75%,France,2.75,Trinitario,Vietnam
Laia aka Chat-Noir,"Sao Tome, Batch 151",1638,2015,75%,France,3.5,Forastero,Sao Tome
Laia aka Chat-Noir,"Lam Dong, Batch 153",1642,2015,75%,France,3.75,Trinitario,Vietnam
Lajedo do Ouro,Catongo,927,2012,70%,Brazil,3.5,Forastero (Catongo),Brazil
L'Amourette,Rugoso,1784,2016,80%,U.S.A.,3.5,Trinitario,Nicaragua
L'Amourette,Carenero Superior,833,2012,75%,U.S.A.,3.0,Trinitario,Venezuela
L'Amourette,Rio Caribe,833,2012,75%,U.S.A.,3.0,Trinitario,Venezuela
L'Amourette,Blend,853,2012,72%,U.S.A.,3.0,Criollo,"Peru, Ecuador, Venezuela"
Letterpress,"San Juan Estate, Gran Couva",1562,2015,70%,U.S.A.,3.5,Trinitario,Trinidad
Letterpress,Maranura,1371,2014,70%,U.S.A.,3.5,Forastero (Nacional),Peru
Levy,Sambirano,1231,2014,71%,Finland,3.5,Criollo,Madagascar
Lilla,Madagascar,1856,2016,70%,Finland,3.0,Trinitario,Madagascar
Lillie Belle,Perfect Illusion,855,2012,65%,U.S.A.,3.5,Criollo,Peru
Lillie Belle,"Bolivia, Wild Thing",903,2012,68%,U.S.A.,3.5,Criollo,Bolivia
Lillie Belle,Wild Thing,947,2012,68%,U.S.A.,3.5,Criollo,Bolivia
Madecasse (Cinagra),Madagascar,284,2008,67%,Madagascar,3.5,Trinitario,Madagascar
Madecasse (Cinagra),Madagascar,284,2008,70%,Madagascar,3.75,Trinitario,Madagascar
Madecasse (Cinagra),Madagascar,284,2008,63%,Madagascar,4.0,Trinitario,Madagascar
Madecasse (Cinagra),Madagascar,288,2008,75%,Madagascar,3.5,Trinitario,Madagascar
Madre,"Criollo, Hawaii",995,2012,70%,U.S.A.,3.25,Criollo,Hawaii
Maglio,Ecuador,308,2008,70%,Italy,3.0,Forastero (Nacional),Ecuador
Maglio,Cuba,308,2008,70%,Italy,3.25,Criollo,Cuba
Maglio,Santo Domingo,308,2008,70%,Italy,3.75,"Blend-Forastero,Criollo",Dominican Republic
Malagasy (Chocolaterie Robert),Sambirano 2006,184,2007,75%,Madagascar,2.75,Trinitario,Madagascar
Malagasy (Chocolaterie Robert),Mora Mora 2006,184,2007,73%,Madagascar,3.5,Trinitario,Madagascar
Malagos,"Davao, Mt. Talamo foothills",1121,2013,65%,Philippines,3.5,Trinitario,Philippines
Malie Kai (Guittard),"O'ahu, N. Shore, Waialua Estate",311,2009,55%,U.S.A.,2.75,Blend,Hawaii
Manufaktura Czekolady,Porcelana,1255,2014,70%,Poland,3.75,Criollo,Venezuela
Manufaktura Czekolady,Grand Cru Ghana,871,2012,70%,Poland,3.5,Forastero,Ghana
Map Chocolate,"Ben Tre, Surprise Valley",1896,2016,75%,U.S.A.,3.25,Trinitario,Vietnam
Map Chocolate,"ROIG, 2014",1474,2015,70%,U.S.A.,3.5,"Criollo, Trinitario",Dominican Republic
Map Chocolate,"Maranon, 2014",1474,2015,62%,U.S.A.,3.5,Forastero (Nacional),Peru
Map Chocolate,Ecuador,1478,2015,70%,U.S.A.,3.5,Trinitario,Ecuador
Map Chocolate,"San Juan Estate, Cherry Blossoms at Night",1606,2015,70%,U.S.A.,2.75,Trinitario,Trinidad
Map Chocolate,"Tumbes, Dear Mr. Finley, 2014",1606,2015,68%,U.S.A.,3.5,Criollo,Peru
Marou,"Tan Phu Dong Island, Heart of Darkness",1650,2015,85%,Vietnam,3.25,Trinitario,Vietnam
Marou,Ben Tre,1650,2015,68%,Vietnam,3.5,Trinitario,Vietnam
Marou,"Dak Lak, Batch 2451",1650,2015,70%,Vietnam,3.75,Trinitario,Vietnam
Marou,"Tan Phu Dong, Treasure Island",1149,2013,75%,Vietnam,3.5,Trinitario,Vietnam
Marou,Ba Ria,845,2012,76%,Vietnam,3.5,Trinitario,Vietnam
Marou,Dong Nai,845,2012,72%,Vietnam,3.5,Trinitario,Vietnam
Marou,"Tien Giang, Gao Co-op",845,2012,70%,Vietnam,3.5,Trinitario,Vietnam
Marou,Ben Tre,849,2012,78%,Vietnam,3.5,Trinitario,Vietnam
Marou,Tien Giang,895,2012,80%,Vietnam,3.0,Trinitario,Vietnam
Marou,Lam Dong,955,2012,74%,Vietnam,3.5,Trinitario,Vietnam
Mars,"Ghana, prototype",544,2010,65%,U.S.A.,3.5,Forastero,Ghana
Mast Brothers,French Laundry 20th Anniversary,1359,2014,75%,U.S.A.,3.75,Blend,"Peru, Belize"
Mast Brothers,Shake Shack,959,2012,73%,U.S.A.,3.5,Blend,"Peru, Mad., Dom. Rep."
Mast Brothers,Chuao,999,2012,73%,U.S.A.,2.75,Trinitario,Venezuela
Mast Brothers,"Chuao, Med. Roast",701,2011,76%,U.S.A.,3.0,Trinitario,Venezuela
Mast Brothers,"Chuao, Dark Roast",709,2011,70%,U.S.A.,3.0,Trinitario,Venezuela
Mast Brothers,"Chuao, Light Roast",713,2011,81%,U.S.A.,2.75,Trinitario,Venezuela
Mast Brothers,Moho River,773,2011,70%,U.S.A.,3.5,Trinitario,Belize
Mast Brothers,Patanemo,572,2010,81%,U.S.A.,2.75,Criollo,Venezuela
Matale,"Malekula P., 2013",1177,2013,72%,Australia,3.5,Trinitario,Vanuatu
Matale,"Somia, 2013",1177,2013,68%,Australia,4.0,Trinitario,Madagascar
Matale,"Kulili P., 2013",1177,2013,74%,Australia,4.0,Trinitario,Papua New Guinea
Matale,Blend,1181,2013,70%,Australia,3.75,Trinitario,"PNG, Vanuatu, Mad"
Maverick,Maya Mountain,1367,2014,70%,U.S.A.,3.25,Trinitario,Belize
Maverick,Tumbes,1430,2014,82%,U.S.A.,3.25,Criollo,Peru
Maverick,"Morropon, Norandiono Coop, Piura",1430,2014,63%,U.S.A.,3.5,Criollo,Peru
Meadowlands,Belize,1287,2014,70%,U.S.A.,3.0,Trinitario,Belize
Menakao (aka Cinagra),Madagascar,837,2012,80%,Madagascar,2.5,Trinitario,Madagascar
Menakao (aka Cinagra),Madagascar,841,2012,72%,Madagascar,2.5,Trinitario,Madagascar
Metiisto,Akesson Estate,1267,2014,72%,Sweden,3.5,Trinitario,Madagascar
Metropolitan,South America,1688,2015,70%,Amsterdam,3.5,Trinitario,South America
Michel Cluizel,"Carenero Superior, Concepcion",117,2007,66%,France,3.5,Trinitario,Venezuela
Michel Cluizel,Vila Gracinda,135,2007,67%,France,3.5,Forastero,Sao Tome
Michel Cluizel,Tamarina,24,2006,70%,France,3.0,Forastero,Sao Tome
Michel Cluizel,Mangaro P.,24,2006,65%,France,4.0,Trinitario,Madagascar
Middlebury,Maya Mountain,1490,2015,80%,U.S.A.,3.5,Trinitario,Belize
Middlebury,San Juan Estate,1490,2015,70%,U.S.A.,3.5,Trinitario,Trinidad
Middlebury,Belize,1117,2013,80%,U.S.A.,3.25,Trinitario,Belize
Middlebury,Alto Beni,887,2012,75%,U.S.A.,2.0,Criollo,Bolivia
Middlebury,"Balinese, Java",887,2012,70%,U.S.A.,2.5,Criollo,Indonesia
Millcreek Cacao Roasters,Ecuador,1073,2013,70%,U.S.A.,2.5,Forastero (Nacional),Ecuador
Minimal,"Acul-du-Nord, 2015",1920,2016,70%,Japan,3.5,"Criollo, Trinitario",Haiti
Mission,"Bahia, Fazenda Venturosa",1626,2015,70%,Brazil,3.5,Forastero (Parazinho),Brazil
Moho,"Toledo District, w/ nibs",1026,2013,73%,U.S.A.,3.25,Trinitario,Belize
Moho,Toledo District,1030,2013,72%,U.S.A.,3.0,Trinitario,Belize
Moho,"Umoho R., Toledo District, San Felipe",607,2010,67%,U.S.A.,2.75,Trinitario,Belize
Mutari,"Tien Giang, batch 1 SRB",1900,2016,80%,U.S.A.,3.0,Trinitario,Vietnam
Naive,"Maranon Canyon, Fortunato No. 4",1133,2013,78%,Lithuania,3.75,Forastero (Nacional),Peru
Naive,Grenada,867,2012,71%,Lithuania,2.5,Trinitario,Grenada
Na�ve,Nicaragua,1379,2014,70%,Lithuania,3.25,Criollo,Nicaragua
Na�ve,Chuao,1399,2014,75%,Lithuania,2.75,Trinitario,Venezuela
Nathan Miller,Madagascar,1403,2014,73.50%,U.S.A.,2.5,Trinitario,Madagascar
Nathan Miller,Ghana,1403,2014,70%,U.S.A.,3.5,Forastero,Ghana
Neuhaus (Callebaut),Papua New Guinea,531,2010,70%,Belgium,2.5,Criollo,Papua New Guinea
Neuhaus (Callebaut),Manickchand Estate,230,2008,67%,Belgium,3.75,Trinitario,Trinidad
Neuhaus (Callebaut),West Africa,15,2006,73%,Belgium,2.0,Forastero,West Africa
Neuhaus (Callebaut),Sao Tome,15,2006,75%,Belgium,2.75,Forastero,Sao Tome
Neuhaus (Callebaut),Ocumare,24,2006,71%,Belgium,3.0,Criollo,Venezuela
Nibble,Patanemo,1526,2015,72%,U.S.A.,2.25,Criollo,Venezuela
Nibble,Elvesia P.,1526,2015,72%,U.S.A.,2.75,Trinitario,Dominican Republic
Nibble,"Ambanja, Sambirano Valley",1526,2015,72%,U.S.A.,3.0,Trinitario,Madagascar
Nibble,Tumbes,1526,2015,72%,U.S.A.,3.0,Criollo,Peru
Noble Bean aka Jerjobo,Ghana,1295,2014,75%,U.S.A.,3.0,Forastero,Ghana
Noble Bean aka Jerjobo,Moho Valley,1299,2014,75%,U.S.A.,3.0,Trinitario,Belize
Noble Bean aka Jerjobo,Maranon Canyon,1299,2014,75%,U.S.A.,3.25,Forastero (Nacional),Peru
Nova Monda,"Punta Galera, cacao Nacional, gold label",935,2012,80%,Nicaragua,3.25,Forastero (Nacional),Ecuador
Nuance,"Ghana, 2013",1454,2015,70%,U.S.A.,3.75,Forastero,Ghana
Nuance,"Ecuador, 2013",1458,2015,70%,U.S.A.,2.75,Trinitario,Ecuador
Nuance,"Canoabo, 2013",1458,2015,70%,U.S.A.,3.0,Criollo,Venezuela
Nuance,"Sambirano Valley, 2012",1458,2015,70%,U.S.A.,3.5,Trinitario,Madagascar
Nugali,Fazenda Leolinda,1876,2016,70%,Brazil,3.5,Trinitario (Scavina),Brazil
Oakland Chocolate Co.,Jamaica,478,2010,70%,U.S.A.,2.5,Trinitario,Jamaica
Obolo,Pangoa,1638,2015,70%,Chile,3.75,Criollo,Peru
Obolo,"Pangoa, w/ nibs",1638,2015,70%,Chile,3.75,Criollo,Peru
Ocelot,Virunga,1558,2015,70%,Scotland,3.75,Forastero,Congo
Ocelot,Piura,1558,2015,75%,Scotland,4.0,Criollo,Peru
Ohiyo,"San Juan Estate, Gran Couva",1594,2015,70%,U.S.A.,2.75,Trinitario,Trinidad
Oialla by Bojessen (Malmo),"Sylvestre, Oialla",761,2011,70%,Germany,3.5,Criollo,Bolivia
Olive and Sinclair,Ghana prototype,486,2010,72%,U.S.A.,3.0,Forastero,Ghana
Omanhene,Ghana,693,2011,80%,Ghana,2.75,Forastero,Ghana
Omnom,"Kakao Kamili, Kilombero Valley",1816,2016,70%,Iceland,3.75,Trinitario,Tanzania
Omnom,Madagascar,1247,2014,66%,Iceland,3.5,Trinitario,Madagascar
organicfair,Maya Mountain,1161,2013,74%,Canada,2.75,Trinitario,Belize
organicfair,Nicaraqua,1165,2013,72%,Canada,2.75,Trinitario,Nicaragua
organicfair,Mindo,1165,2013,72%,Canada,3.0,Trinitario,Ecuador
Original Beans (Felchlin),"D.R. Congo, Cru Virunga",331,2009,70%,Switzerland,3.0,Forastero,Congo
Original Beans (Felchlin),"Piura, Apotequil, ""Porcelana"" 72hr c.",341,2009,75%,Switzerland,3.0,Criollo,Peru
Original Hawaiin Chocolate Factory,"Hawai'i, Kona Grand Cru E.",316,2009,60%,U.S.A.,3.0,Criollo,Hawaii
Pacari,Esmeraldas,224,2008,60%,Ecuador,2.5,Forastero (Arriba),Ecuador
Pacari,Manabi,224,2008,65%,Ecuador,2.75,Forastero (Arriba),Ecuador
Pacari,Los Rios,224,2008,72%,Ecuador,3.0,Forastero (Arriba),Ecuador
Pacari,Raw,266,2008,100%,Ecuador,2.0,Forastero (Arriba),Ecuador
Pacari,Raw,266,2008,70%,Ecuador,3.5,Forastero (Arriba),Ecuador
Palette de Bine,Maya Mtn,1720,2016,72%,Canada,3.0,Trinitario,Belize
Palette de Bine,"San Juan Estate, Gran Couva",1570,2015,70%,Canada,3.25,Trinitario,Trinidad
Palette de Bine,Lam Dong,1574,2015,72%,Canada,3.75,Trinitario,Vietnam
Palette de Bine,Sambirano,1239,2014,78%,Canada,3.75,Trinitario,Madagascar
Palette de Bine,Duo- Gran Couva & Camino Verde,1399,2014,75%,Canada,3.5,Blend,"Trinidad, Ecuador"
Palette de Bine,Gran Couva,1399,2014,70%,Canada,3.75,Trinitario,Trinidad
Patric,Madagascar,331,2009,75%,U.S.A.,4.0,Trinitario,Madagascar
Patric,Madagascar,439,2009,67%,U.S.A.,3.5,Trinitario,Madagascar
Patric,"Rio Caribe, Paria Penninsula",439,2009,70%,U.S.A.,3.5,Trinitario,Venezuela
Patric,Madagascar,196,2007,70%,U.S.A.,4.0,Trinitario,Madagascar
Paul Young,"Madagascar, w/ shell",1271,2014,73%,U.K.,2.25,Trinitario,Madagascar
Paul Young,"Madagascar, w/ shell",1271,2014,64%,U.K.,2.75,Trinitario,Madagascar
Pierre Marcolini,"Haut Penja, w/ nibs",1658,2015,70%,Belgium,3.25,Forastero,Cameroon
Pierre Marcolini,Chuao,478,2010,75%,Belgium,3.0,Criollo,Venezuela
Pierre Marcolini,Trinite,478,2010,75%,Belgium,3.25,Trinitario,Trinidad
Pierre Marcolini,"Baracoa, Cuba",516,2010,78%,Belgium,3.75,"Criollo, Forastero",Cuba
Pierre Marcolini,"Peru, Las Pampas P.",531,2010,85%,Belgium,3.0,Criollo,Peru
Pierre Marcolini,"Bahia Brazil, Fazenda Sao Pedro",414,2009,72%,Belgium,3.0,Forastero,Brazil
Pierre Marcolini,"Porcelana, Tabasco, Finca La Joya",445,2009,72%,Belgium,3.0,Criollo,Mexico
Pierre Marcolini,Cabosse,111,2007,70%,Belgium,4.0,Blend,"Venezuela, Java"
Pierre Marcolini,"Los Rios, Puerto Romero, Equateur",129,2007,72%,Belgium,3.75,Forastero (Nacional),Ecuador
Pierre Marcolini,"Sambirano, Ambanja, Madagascar",141,2007,72%,Belgium,4.0,Trinitario,Madagascar
Pierre Marcolini,Fleur de Cacao,166,2007,85%,Belgium,3.5,Blend,Venezuela/ Ghana
Pierre Marcolini,"Porcelana, Tabasco, Limited Ed.",81,2006,72%,Belgium,4.0,Criollo,Mexico
Pierre Marcolini,"Kendem Lembu, Java",93,2006,72%,Belgium,3.0,Criollo,Indonesia
Pierre Marcolini,"Ocumare, Puerto Cabello, Venezuela",93,2006,72%,Belgium,4.0,Criollo,Venezuela
Pitch Dark,Chuno,1510,2015,80%,U.S.A.,2.75,"Criollo, Trinitario",Nicaragua
Pitch Dark,Nicalizo,1510,2015,80%,U.S.A.,2.75,Trinitario,Nicaragua
Pitch Dark,Akesson Estate,1311,2014,73%,U.S.A.,3.25,Trinitario,Madagascar
Pitch Dark,Namau Village,1315,2014,73%,U.S.A.,2.5,Trinitario,Fiji
Pomm (aka Dead Dog),Peru,829,2012,82%,U.S.A.,2.75,Criollo,Peru
Potomac,Upala w/ nibs,647,2011,70%,U.S.A.,3.5,Matina,Costa Rica
Potomac,"Upala, Batch 18",654,2011,70%,U.S.A.,3.0,Matina,Costa Rica
Potomac,"Upala, Batch 12",607,2010,82%,U.S.A.,3.75,Matina,Costa Rica
Pralus,"Porcelana, S. of Lake Maracaibo",717,2011,75%,France,3.25,Criollo (Porcelana),Venezuela
Pralus,Chuao,486,2010,75%,France,3.5,Trinitario,Venezuela
Pralus,Papouasie,199,2008,75%,France,3.0,Trinitario,Papua New Guinea
Pralus,"Sambirano Valley, Le 100%",202,2008,100%,France,3.0,Criollo,Madagascar
Pralus,Claudio Corallo w/ nibs,162,2007,75%,France,4.0,Forastero,Sao Tome
Pralus,"Monte Alegre (Itacare), Brazil",105,2006,75%,France,3.0,Forastero,Brazil
Pralus,Tanzania,105,2006,75%,France,3.5,Criollo,Tanzania
Pralus,Sao Tome & Principe,5,2006,75%,France,3.5,Forastero,Sao Tome & Principe
Pralus,Trinidad,5,2006,75%,France,3.5,Trinitario,Trinidad
Pralus,"Madagascar, Nosy Be Isle.",5,2006,75%,France,3.75,Criollo,Madagascar
Pralus,"Java, Indonesie",32,2006,75%,France,3.5,Criollo,Indonesia
Pralus,"Barlovento, Venezuela",32,2006,75%,France,3.5,Trinitario,Venezuela
Pralus,Jamaique,32,2006,75%,France,4.0,Trinitario,Jamaica
Pralus,Equateur,40,2006,75%,France,3.0,Trinitario,Ecuador
Pralus,Vanuatu,40,2006,75%,France,3.0,Trinitario,Vanuatu
Pralus,Ghana,40,2006,75%,France,3.25,Forastero,Ghana
Pralus,Colombie,40,2006,75%,France,3.5,Trinitario,Colombia
Pralus,Fortissima,93,2006,80%,France,4.0,"Criollo, Trinitario",Ecuador
Pralus,Cuba,99,2006,75%,France,3.0,Trinitario,Cuba
Pralus,"Caracas, Venezuela and Ghana",99,2006,75%,France,3.0,"Trinitario, Forastero","Venezuela, Ghana"
Pralus,"Djakarta, Java and Ghana",99,2006,75%,France,3.5,"Criollo, Forastero","Indonesia, Ghana"
Pump Street Bakery,"Crayfish Bay Estate, 2014",1502,2015,70%,U.K.,3.5,Trinitario,Grenada
Pump Street Bakery,"Akesson's, batch 4411",1530,2015,74%,U.K.,3.5,Criollo,Madagascar
Pump Street Bakery,"Patanemo Vil., Carabobo State, Tisano family",1223,2014,75%,U.K.,2.75,Trinitario,Venezuela
Pump Street Bakery,Guantupi River,1223,2014,75%,U.K.,3.0,Forastero (Nacional),Ecuador
Pump Street Bakery,"Akessons Estate, Sambirano, Ambanja",1223,2014,72%,U.K.,3.25,Trinitario,Madagascar
Pump Street Bakery,Guantupi River,1227,2014,85%,U.K.,2.75,Forastero (Nacional),Ecuador
Quetzalli (Wolter),"Mexico, Lot 28022016",1796,2016,70%,Mexico,2.75,Criollo,Mexico
Quetzalli (Wolter),"Uranga, Lot 22032016",1800,2016,74%,Mexico,3.0,Trinitario,Mexico
Raaka,Virunga,1708,2015,75%,U.S.A.,2.75,Forastero,Congo
Raaka,Madagascar,959,2012,75%,U.S.A.,3.25,Trinitario,Madagascar
Rancho San Jacinto,Ecuador,565,2010,75%,Eucador,3.0,"Forastero(Arriba, CCN)",Ecuador
Ranger,"Tumbes, Batch 2",1562,2015,73%,U.S.A.,3.5,Criollo,Peru
Raoul Boulanger,Piura,1872,2016,75%,France,3.25,Criollo,Peru
Republica del Cacao (aka Confecta),"Los Rios, Vinces",439,2009,75%,Ecuador,2.5,Forastero (Arriba),Ecuador
Republica del Cacao (aka Confecta),Manabi,147,2007,75%,Ecuador,3.0,Forastero (Arriba),Ecuador
Republica del Cacao (aka Confecta),El Oro,147,2007,67%,Ecuador,3.5,Forastero (Arriba),Ecuador
Republica del Cacao (aka Confecta),Los Rios,170,2007,75%,Ecuador,3.75,Forastero (Arriba),Ecuador
Ritual,"Toledo District, Maya",1089,2013,75%,U.S.A.,3.75,Trinitario,Belize
Ritual,"Maranon, Cajamarca",1181,2013,75%,U.S.A.,3.0,Forastero (Nacional),Peru
Ritual,Sambirano,891,2012,75%,U.S.A.,4.0,Trinitario,Madagascar
Ritual,"Camino Verde P., 2012, Balao, Guayas",967,2012,75%,U.S.A.,3.25,Nacional (Arriba),Ecuador
Ritual,Gran Couva,979,2012,75%,U.S.A.,3.5,Trinitario,Trinidad
Robert (aka Chocolaterie Robert),Madagascar,1061,2013,75%,Madagascar,3.25,Trinitario,Madagascar
Robert (aka Chocolaterie Robert),Madagascar w/ nibs,1061,2013,68%,Madagascar,3.25,Trinitario,Madagascar
Rococo (Grenada Chocolate Co.),"Gru Grococo, St. Andrews",923,2012,66%,U.K.,3.5,Trinitario,Grenada
Rogue,Porcelana,1209,2014,80%,U.S.A.,3.75,Criollo,Venezuela
Rogue,"Akessons Estate, Sambirano, 2013",1038,2013,70%,U.S.A.,3.5,Trinitario,Madagascar
Rogue,"Bachelor's Hall E., St. Thomas Parish",1193,2013,75%,U.S.A.,3.75,Trinitario,Jamaica
Rogue,"Camino Verde P., Balao, Guayas",979,2012,75%,U.S.A.,3.75,Nacional (Arriba),Ecuador
Rogue,"Silvestre, Batch 1, 2011",793,2011,75%,U.S.A.,3.0,Criollo,Bolivia
Rogue,Rio Caribe,327,2009,70%,U.S.A.,3.5,Trinitario,Venezuela
Rogue,Jamaica,213,2008,70%,U.S.A.,2.75,Trinitario,Jamaica
Rogue,"Sambirano, 2008",213,2008,70%,U.S.A.,2.75,Trinitario,Madagascar
Rogue,Trinidad,213,2008,70%,U.S.A.,3.0,Trinitario,Trinidad
Rozsavolgyi,"Rio Caribe Superior, Paria Penninsula",871,2012,76%,Hungary,2.25,Trinitario,Venezuela
Rozsavolgyi,"Sambirano, Akesson Estate",871,2012,72%,Hungary,2.5,Trinitario,Madagascar
Rozsavolgyi,Carenero Superior,713,2011,73%,Hungary,3.5,Criollo,Venezuela
Rozsavolgyi,Principe,765,2011,77%,Hungary,2.75,Forastero,Principe
S.A.I.D.,Malgascio,607,2010,64%,Italy,3.5,Trinitario,Madagascar
Salgado,Bahia Superior,288,2008,70%,Argentina,3.5,Forastero,Brazil
Salgado,Esmeraldas,288,2008,70%,Argentina,3.5,Forastero (Nacional),Ecuador
Salgado,Carenero Superior,288,2008,70%,Argentina,3.5,Trinitario,Venezuela
Salgado,Rio Arriba,292,2008,70%,Argentina,3.5,Forastero (Arriba) ASSS,Ecuador
Santander (Compania Nacional),Colombian 2008,404,2009,75%,Colombia,2.75,Forastero (Nacional),Colombia
Santander (Compania Nacional),Colombian w/ nibs,414,2009,70%,Colombia,3.0,Forastero (Nacional),Colombia
Santander (Compania Nacional),Colombian Semi Dark,32,2006,53%,Colombia,2.0,Forastero (Nacional),Colombia
Santander (Compania Nacional),Colombian,32,2006,65%,Colombia,3.0,Forastero (Nacional),Colombia
Santander (Compania Nacional),Colombian Dark,32,2006,70%,Colombia,4.0,Forastero (Nacional),Colombia
Santome,Sao Tome,761,2011,70%,France,2.75,Forastero,Sao Tome
Scharffen Berger,Camahogne,464,2010,68%,U.S.A.,3.5,Trinitario,Grenada
Scharffen Berger,Amina,464,2010,65%,U.S.A.,3.75,"Trinitario, Criollo",Madagascar
Scharffen Berger,Asante,336,2009,65%,U.S.A.,4.0,Forastero,Ghana
Scharffen Berger,Ben Tre,445,2009,72%,U.S.A.,3.75,Trinitario,Vietnam
Scharffen Berger,Finisterra,227,2008,72%,U.S.A.,3.0,Blend,"Ven., Trinidad, Mad."
Scharffen Berger,Las Islas,117,2007,72%,U.S.A.,3.0,Blend,Carribean(DR/Jam/Tri)
Scharffen Berger,Antilles (Trin/Gren/DR/Ven),188,2007,75%,U.S.A.,3.0,Blend,Carribean
Scharffen Berger,Kumasi Sambirano,40,2006,68%,U.S.A.,2.0,Blend,Ghana & Madagascar
Scharffen Berger,Jamaica a l'ancienne,56,2006,70%,U.S.A.,2.0,Trinitario,Jamaica
Shark Mountain,Jamaica,1450,2015,72%,U.S.A.,3.25,Trinitario,Jamaica
Shark Mountain,Papua New Guinea,1450,2015,73%,U.S.A.,3.5,Forastero,Papua New Guinea
Shark Mountain,Cuyagua,1466,2015,77%,U.S.A.,2.75,Criollo,Venezuela
Shark Mountain,ROIG,1466,2015,74%,U.S.A.,3.5,"Criollo, Trinitario",Dominican Republic
Shark Mountain,Ecuador,1335,2014,75%,U.S.A.,3.0,Trinitario,Ecuador
Shark Mountain,"Belize, 2013",1335,2014,72%,U.S.A.,3.25,"Criollo, Trinitario",Belize
Shattell,Porcelana,757,2011,75%,Peru,3.5,Criollo,Peru
Silvio Bessone,Maya Belize,717,2011,67%,Italy,3.0,Criollo,Belize
Silvio Bessone,"Trintade, Sao Tome",725,2011,65%,Italy,3.25,Forastero,Sao Tome
Silvio Bessone,"Bahia, Scavina",729,2011,60%,Italy,3.25,Trinitario,Brazil
Silvio Bessone,"Porcelana, Colombia, Amazonas",741,2011,68%,Italy,3.0,"Criollo, Trinitario",Colombia
Sirene,"Somia Plantation, 2012",1502,2015,100%,Canada,3.0,Trinitario,Madagascar
Sirene,"Somia Plantation, 2012",1339,2014,67%,Canada,3.75,Trinitario,Madagascar
Sirene,"Somia Plantation, 2012",1339,2014,73%,Canada,3.75,Trinitario,Madagascar
Sjolinds,Ghana,1454,2015,70%,U.S.A.,2.75,Forastero,Ghana
"Smooth Chocolator, The","Guasare, La Sierra de Perija, batch gua001",1740,2016,70%,Australia,3.75,Criollo,Venezuela
"Smooth Chocolator, The","Porcelana, Sorotaima,Machiques,batch pcl001",1740,2016,70%,Australia,4.0,Criollo,Ecuador
"Smooth Chocolator, The",Tien Giang,1864,2016,70%,Australia,3.0,Trinitario,Vietnam
"Smooth Chocolator, The",Akesson's Estate,1618,2015,65%,Australia,3.25,Trinitario,Madagascar
"Smooth Chocolator, The",Akesson's Estate,1622,2015,70%,Australia,3.5,Trinitario,Madagascar
"Smooth Chocolator, The",San Juan Estate,1622,2015,70%,Australia,3.75,Trinitario,Trinidad
"Smooth Chocolator, The","Maranon, batch 2",1666,2015,67%,Australia,3.0,Forastero (Nacional),Peru
"Smooth Chocolator, The","Chuao, batch 3",1666,2015,70%,Australia,3.75,Trinitario,Venezuela
Snake & Butterfly,Ghana,693,2011,67%,U.S.A.,1.5,Forastero,Ghana
Snake & Butterfly,Madagascar,502,2010,68%,U.S.A.,3.0,Trinitario,Madagascar
Sol Cacao,Madagascar,1518,2015,72%,U.S.A.,3.0,Trinitario,Madagascar
Solkiki,"Maranon, Fortunato No. 4",1840,2016,68%,U.K.,2.75,Forastero (Nacional),Peru
Solstice,Bundibugyo,1335,2014,70%,U.S.A.,3.0,"Forastero, Trinitario",Uganda
Solstice,Sambirano,1157,2013,70%,U.S.A.,3.0,Trinitario,Madagascar
Soma,"Sambirano Valley, Black Science, B-60307.0",1820,2016,70%,Canada,3.5,Trinitario,Madagascar
Soma,"Bahia Black, batch bra50722.1",1828,2016,70%,Canada,3.5,Forastero (Parazinho),Brazil
Soma,"Chuno, San Jose de Bocay, Pantasma R.,B.S.",1828,2016,70%,Canada,3.75,Trinitario,Nicaragua
Soma,"Tien Giang, Black S., batch VIT60420.0",1828,2016,70%,Canada,4.0,Trinitario,Vietnam
Soma,CSB Chama,1594,2015,70%,Canada,3.5,Criollo,Venezuela
Soma,Maranon Canyon,1259,2014,70%,Canada,3.75,Forastero (Nacional),Peru
Soma,La Dalia,1307,2014,70%,Canada,3.25,Trinitario,Nicaragua
Soma,"Camino Verde P., Balao, Guayas",1307,2014,80%,Canada,3.5,Forastero (Nacional),Ecuador
Soma,"Espiritu Santo, 'Smoke Monster'",1307,2014,70%,Canada,3.75,Forastero (Amelonado),Vanuatu
Soma,Little Big Man,1339,2014,70%,Canada,3.25,Blend,Madagascar & Ecuador
Soma,"Rizek Cacao, Domin. Rep.",1019,2013,77%,Canada,3.75,Trinitario,Dominican Republic
Soma,Java,1030,2013,70%,Canada,3.25,Criollo,Indonesia
Soma,"Apurimac, El Quinacho Co-op",1073,2013,70%,Canada,2.75,Criollo,Peru
Soma,"Sangre Grande P., Trinidad",1073,2013,70%,Canada,3.75,Trinitario,Trinidad
Soma,Patanemo,1077,2013,70%,Canada,3.75,Criollo,Venezuela
Soma,"Maracaibo, El Vigia",1077,2013,70%,Canada,4.0,Criollo,Venezuela
Soma,Orinoco,1173,2013,70%,Canada,3.25,Forastero,Venezuela
Soma,"Bachelor's Hall E., St. Thomas Parish",1177,2013,70%,Canada,4.0,Trinitario,Jamaica
Soma,"Dual Origins, Sambirano, Elvesia",867,2012,70%,Canada,4.0,Blend,"Dom. Rep., Madagascar"
Soma,"Dancing in Your Head, 5 bean blend",867,2012,70%,Canada,4.0,Blend,"Gre., PNG, Haw., Haiti, Mad"
Soma,Cahabon Region,951,2012,70%,Canada,3.5,Trinitario,Guatemala
Soma,Carenero Superior,951,2012,70%,Canada,3.75,Trinitario,Venezuela
Soma,Eastern Promises,967,2012,70%,Canada,3.5,Blend,"Mad., Java, PNG"
Soma,Papua New Guinea,983,2012,85%,Canada,3.5,Trinitario,Papua New Guinea
Soma,"Grenada, Black Science",676,2011,70%,Canada,2.75,Trinitario,Grenada
Soma,"Alto Beni, Wild Bolivian",676,2011,70%,Canada,3.5,Nacional,Bolivia
Soma,"Elvesia P., Black Science",682,2011,70%,Canada,3.75,Forastero,Dominican Republic
Soma,Chuao,688,2011,70%,Canada,3.5,Criollo,Venezuela
Soma,Black Science Blend 1,607,2010,70%,Canada,3.75,"Trinitario, Nacional","DR, Ecuador, Peru"
Soma,Hispaniola,377,2009,70%,Canada,3.0,Forastero,Dominican Republic
Soma,Africa,377,2009,70%,Canada,3.5,Forastero,Ghana
Soma,Conacado,387,2009,70%,Canada,3.0,Trinitario,Dominican Republic
Soma,Papua New Guinea,387,2009,70%,Canada,3.5,Trinitario,Papua New Guinea
Soma,Madagascar,387,2009,70%,Canada,3.75,Criollo,Madagascar
Soma,Ocumare,387,2009,70%,Canada,3.75,Criollo,Venezuela
Spencer,Malekula Island,1434,2014,72%,Australia,2.75,Trinitario,Vanuatu
Sprungli (Felchlin),Alto Beni,1057,2013,70%,Switzerland,3.0,Criollo,Bolivia
Starchild,"Bolivar, Arriba",1634,2015,70%,U.S.A.,3.0,Forastero (Nacional),Ecuador
Starchild,Rio Tuma,1692,2015,70%,U.S.A.,3.0,Trinitario (Amelonado),Nicaragua
Starchild,Sambirano Valley,1696,2015,70%,U.S.A.,3.0,Trinitario,Madagascar
Stella (aka Bernrain),"Bahia, Agri-Forestal Plantation, 2010",859,2012,68%,Switzerland,2.75,Trinitario,Brazil
Sublime Origins,Sambirano,1157,2013,67%,U.S.A.,2.75,Trinitario,Madagascar
Sublime Origins,Moho Valley,1157,2013,78%,U.S.A.,3.25,Trinitario,Belize
Summerbird,Peru,1800,2016,61%,Denmark,2.5,"Criollo, Trinitario",Peru
Summerbird,Peru,1800,2016,71%,Denmark,3.0,"Criollo, Trinitario",Peru
Svenska Kakaobolaget,Sri Lanka,1618,2015,70%,Sweden,2.75,"Criollo, Trinitario",Sri Lanka
Szanto Tibor,Baracoa,1704,2015,88%,Hungary,3.25,Trinitario,Cuba
Szanto Tibor,Ambolikapiky,1704,2015,70%,Hungary,3.25,Trinitario,Madagascar
Szanto Tibor,"Winak, Sumaco",1704,2015,70%,Hungary,3.75,Forastero (Nacional),Ecuador
Szanto Tibor,"Ben Tre, Mekong Delta",1708,2015,70%,Hungary,3.25,Trinitario,Vietnam
Szanto Tibor,"Fazenda Sempre Firme, Bahia",1708,2015,70%,Hungary,3.5,Forastero (Parazinho),Brazil
Szanto Tibor,Porcelana,1263,2014,70%,Hungary,3.5,Criollo,Venezuela
Szanto Tibor,Baracoa,1263,2014,70%,Hungary,3.75,Trinitario,Cuba
Szanto Tibor,"Autumn, Primary Harvest, 2012",1185,2013,70%,Hungary,3.5,Criollo,Madagascar
Szanto Tibor,"Spring, Secondary Harvest, 2012",1185,2013,70%,Hungary,3.5,Criollo,Madagascar
Tablette (aka Vanillabeans),Vietnam,1450,2015,60%,Japan,3.25,Trinitario,Vietnam
Tablette (aka Vanillabeans),Trinidad,1680,2015,77%,Japan,2.75,Trinitario,Trinidad
Tan Ban Skrati,"Paramaribo, batch 20160043-01",1868,2016,70%,Suriname,3.25,Trinitario,Suriname
Taza,Belize,1271,2014,68%,U.S.A.,3.0,Trinitario,Belize
TCHO,West Africa,1716,2016,62%,U.S.A.,2.0,Forastero,West Africa
TCHO,Chocolatey-beta,199,2008,70%,U.S.A.,2.5,Forastero,Ghana
Tejas,Bayou Blend,801,2012,70%,U.S.A.,3.0,Blend,"Ecuador, Mad., PNG"
Tejas,"Bahia, Floresta Azul,Good Friends Reserve#3",971,2012,70%,U.S.A.,3.5,Forastero (Parazinho),Brazil
Terroir,Belize,1478,2015,70%,U.S.A.,3.75,Trinitario,Belize
Terroir,Madagascar,1478,2015,70%,U.S.A.,3.75,Trinitario,Madagascar
Terroir,Guatemala,1558,2015,70%,U.S.A.,3.75,Trinitario,Guatemala
Terroir,Madagascar,1323,2014,67%,U.S.A.,3.75,Trinitario,Madagascar
Terroir,Uganda,1323,2014,73%,U.S.A.,3.75,Forastero,Uganda
Theo,Congo w/ nibs,903,2012,65%,U.S.A.,3.25,Forastero,Congo
Theo,Madagascar,162,2007,65%,U.S.A.,3.5,Trinitario,Madagascar
Theo,"Ghana, Kumasi",184,2007,84%,U.S.A.,3.0,Forastero,Ghana
Theo,"Venezuela; Barinos, Merida, Tachron",188,2007,91%,U.S.A.,2.0,Blend,Venezuela
Theo,"Ghana, Panama, Ecuador",188,2007,75%,U.S.A.,3.0,Blend,"Ghana, Panama, Ecuador"
Timo A. Meyer,"Belize, med roast",1836,2016,72%,Germany,3.75,"Trinitario, TCGA",Belize
To'ak (Ecuatoriana),Manabi,1418,2014,81%,Ecuador,3.25,Forastero (Nacional),Ecuador
Tobago Estate (Pralus),"Roxborough, Tobago",895,2012,70%,France,4.0,Trinitario,Tobago
Tocoti,"Wild Bolivian, Jungle Love",927,2012,77%,U.S.A.,3.0,Criollo,Bolivia
twenty-four blackbirds,Madagascar,1235,2014,75%,U.S.A.,3.5,Trinitario,Madagascar
Two Ravens,Peru,1740,2016,60%,U.S.A.,3.0,Criollo,Peru
Upchurch,"Madagascar, Sassy Bar",1752,2016,72%,U.S.A.,3.0,Trinitario,Madagascar
Urzi,"Sur del Lago, Merida",1327,2014,65%,Italy,3.25,Trinitario,Venezuela
Valrhona,"Porcelana, Pedegral",757,2011,64%,France,4.0,Criollo,Venezuela
Valrhona,Nyangbo,395,2009,68%,France,3.5,Forastero,Ghana
Valrhona,Araguani,117,2007,72%,France,3.0,Blend,"Venezuela, Carribean"
Valrhona,Chuao 2002 P.,129,2007,65%,France,3.75,Trinitario,Venezuela
Valrhona,Manjari,129,2007,64%,France,4.0,"Criollo, Trinitario",Madagascar
Valrhona,Abinao,153,2007,85%,France,2.5,Forastero,West Africa
Valrhona,Le Noir Amer,157,2007,71%,France,2.75,Forastero,West Africa
Valrhona,"Porcelana, Maracaibo, Palmira P. 2006",162,2007,64%,France,3.25,Criollo (Porcelana),Venezuela
Valrhona,Caraibe,63,2006,66%,France,3.0,Trinitario,Carribean
Valrhona,Guanaja,63,2006,70%,France,4.0,"Criollo, Trinitario",South America
Valrhona,Gran Couva 2005 P.,75,2006,64%,France,2.5,Trinitario,Trinidad
Valrhona,"Porcelana, Maracaibo, Palmira P. 2005",75,2006,64%,France,3.0,Criollo (Porcelana),Venezuela
Valrhona,"Sambirano, Ampamakia 2005, Millot P.",75,2006,64%,France,3.5,Trinitario,Madagascar
Vanleer (Barry Callebaut),Manhattan,963,2012,72%,U.S.A.,2.5,Forastero,Ghana
Vanleer (Barry Callebaut),Napa,963,2012,65%,U.S.A.,2.75,Forastero,Ghana
Vao Vao (Chocolaterie Robert),Madagascar,404,2009,72%,Madagascar,2.75,Trinitario,Madagascar
Vao Vao (Chocolaterie Robert),Madagascar,404,2009,76%,Madagascar,2.75,Trinitario,Madagascar
Vao Vao (Chocolaterie Robert),Madagascar,404,2009,80%,Madagascar,2.75,Trinitario,Madagascar
Vao Vao (Chocolaterie Robert),Madagascar,404,2009,70%,Madagascar,3.0,Trinitario,Madagascar
Vao Vao (Chocolaterie Robert),Madagascar w/ nibs,404,2009,68%,Madagascar,3.0,Trinitario,Madagascar
Vao Vao (Chocolaterie Robert),Madagascar,404,2009,64%,Madagascar,3.25,Trinitario,Madagascar
Videri,Trinidad,1211,2014,75%,U.S.A.,3.5,Trinitario,Trinidad
Vietcacao (A. Morin),"Ben Tre, Mekong Delta, MoCay",951,2012,70%,France,3.5,Trinitario,Vietnam
Vintage Plantations (Tulicorp),"Los Rios, Rancho Grande 2004/2007",153,2007,100%,U.S.A.,2.0,Forastero (Arriba),Ecuador
Vintage Plantations (Tulicorp),"Los Rios, Rancho Grande 2004/2007",153,2007,90%,U.S.A.,2.0,Forastero (Arriba),Ecuador
Vintage Plantations (Tulicorp),"Los Rios, Rancho Grande 2004/2007",153,2007,75%,U.S.A.,3.0,Forastero (Arriba),Ecuador
Vintage Plantations (Tulicorp),"Los Rios, Rancho Grande 2007",153,2007,65%,U.S.A.,3.0,Forastero (Arriba),Ecuador
Violet Sky,Sambirano Valley,1458,2015,77%,U.S.A.,2.75,Trinitario,Madagascar
Violet Sky,Moho River Valley,1458,2015,77%,U.S.A.,3.0,"Criollo, Trinitario",Belize
Violet Sky,Cuyagua,1458,2015,77%,U.S.A.,3.0,Criollo,Venezuela
Violet Sky,Peru,1458,2015,77%,U.S.A.,3.25,"Criollo, Trinitario",Peru
Violet Sky,Cahabon,1502,2015,77%,U.S.A.,2.75,Trinitario,Guatemala
Wellington Chocolate Factory,Conacado,1756,2016,70%,New Zealand,3.5,Trinitario,Dominican Republic
Whittakers,Ghana,733,2011,72%,New Zealand,2.5,Forastero,Ghana
Wilkie's Organic,Amazonas,1169,2013,75%,Ireland,2.5,Criollo,Peru
Wilkie's Organic,Amazonas,1169,2013,89%,Ireland,2.75,Criollo,Peru
Wilkie's Organic,Tumbes,1169,2013,75%,Ireland,3.25,Criollo,Peru
Wilkie's Organic,Amazonas w/ nibs,1173,2013,75%,Ireland,2.75,Criollo,Peru
Willie's Cacao,Los Llanos,1227,2014,88%,U.K.,3.0,Trinitario,Colombia
Willie's Cacao,Sambirano,593,2010,71%,U.K.,3.0,Trinitario,Madagascar
Willie's Cacao,Rio Caribe,457,2009,72%,U.K.,3.25,Trinitario,Venezuela
Wm,"Guasare, Zulia Prov., 2015, batch 124",1912,2016,74%,U.S.A.,3.0,Criollo,Venezuela
Woodblock,"Maranon, Cajamarca",1243,2014,70%,U.S.A.,3.0,Forastero (Nacional),Peru
Woodblock,Gran Couva,1042,2013,70%,U.S.A.,3.5,Trinitario,Trinidad
Woodblock,Sambirano,951,2012,70%,U.S.A.,3.25,Trinitario,Madagascar
Zak's,"Madagascar, Batch 2",1578,2015,70%,U.S.A.,3.25,Trinitario,Madagascar
Zak's,"Belize, Batch 2",1578,2015,70%,U.S.A.,3.5,Trinitario,Belize
Zart Pralinen,"Millot P., Ambanja",1820,2016,70%,Austria,3.5,"Criollo, Trinitario",Madagascar
Zart Pralinen,UNOCACE,1824,2016,70%,Austria,2.75,Nacional (Arriba),Ecuador
Zart Pralinen,San Juan Estate,1824,2016,85%,Austria,2.75,Trinitario,Trinidad
Zart Pralinen,"Kakao Kamili, Kilombero Valley",1824,2016,85%,Austria,3.0,"Criollo, Trinitario",Tanzania
Zart Pralinen,"Kakao Kamili, Kilombero Valley",1824,2016,70%,Austria,3.5,"Criollo, Trinitario",Tanzania
Zart Pralinen,"San Juan Estate, Gran Couva",1880,2016,78%,Austria,3.5,Trinitario,Trinidad
Zokoko,Tokiala,701,2011,66%,Australia,3.5,Trinitario,Papua New Guinea
Zotter,"Satipo Pangoa region, 16hr conche",875,2012,70%,Austria,3.0,Criollo (Amarru),Peru
Zotter,"Satipo Pangoa region, 20hr conche",875,2012,70%,Austria,3.5,Criollo (Amarru),Peru
Zotter,El Oro,879,2012,75%,Austria,3.0,Forastero (Nacional),Ecuador
Zotter,Huiwani Coop,879,2012,75%,Austria,3.0,"Criollo, Trinitario",Papua New Guinea
Zotter,"Kongo, Highlands",883,2012,68%,Austria,3.25,Forastero,Congo
Zotter,Congo,749,2011,65%,Austria,3.0,Forastero,Congo
Zotter,Kerala State,749,2011,65%,Austria,3.5,Forastero,India
